rank,Name,Rating,rating_label,final_score,sentiment
51,슉,5.0,2,2.8,1
51,EMO 훠궈,5.0,2,2.8,1
51,이왕이면,5.0,2,2.8,1
51,피자먹다 은마점,5.0,2,2.8,1
51,캄보디아식당,5.0,2,2.8,1
51,목화반점,5.0,2,2.8,1
51,미스터용차이나버거 경기광주점,5.0,2,2.8,1
51,대화관,5.0,2,2.8,1
51,브레덴버거,5.0,2,2.8,1
51,탑차이나,5.0,2,2.8,1
51,우성각,5.0,2,2.8,1
51,향원장,5.0,2,2.8,1
51,한양각,5.0,2,2.8,1
51,태희보데가,5.0,2,2.8,1
51,인덕왕족발 경주본점,5.0,2,2.8,1
51,수림식당,5.0,2,2.8,1
51,세이,5.0,2,2.8,1
51,최선장조개구이,5.0,2,2.8,1
51,와룡반점,5.0,2,2.8,1
51,빌리브피자,5.0,2,2.8,1
51,카나데,5.0,2,2.8,1
51,정통마라탕 마포마라회관 선릉점,5.0,2,2.8,1
51,비주얼테이블,5.0,2,2.8,1
51,퍼짱 시청점,5.0,2,2.8,1
51,미담,5.0,2,2.8,1
51,일체마부시,5.0,2,2.8,1
51,뚱땡이버거,5.0,2,2.8,1
51,언더그라운드,5.0,2,2.8,1
51,쏘티,5.0,2,2.8,1
51,프랭크버거 전주반월점,5.0,2,2.8,1
51,든든,5.0,2,2.8,1
51,고고장,5.0,2,2.8,1
51,하롱반미,5.0,2,2.8,1
51,이지피지 하이볼펍,5.0,2,2.8,1
51,깜보,5.0,2,2.8,1
51,벚꽃스시,5.0,2,2.8,1
51,가스트로 관수,5.0,2,2.8,1
51,갈비애용,5.0,2,2.8,1
51,베트남휴게소,5.0,2,2.8,1
51,히츠,5.0,2,2.8,1
51,러브스시,5.0,2,2.8,1
51,독도참치가,5.0,2,2.8,1
51,스시현,5.0,2,2.8,1
51,여래여거,5.0,2,2.8,1
51,생삼겹구루 요선점,5.0,2,2.8,1
51,돈까스짱 역동점,5.0,2,2.8,1
51,고래사냥,5.0,2,2.8,1
51,참치가게,5.0,2,2.8,1
51,빨강머리이모닭갈비,5.0,2,2.8,1
51,이모네불막창 소양점,5.0,2,2.8,1
51,메사,5.0,2,2.8,1
51,주몽반점,5.0,2,2.8,1
51,더스테이크쥬벤쿠바,5.0,2,2.8,1
51,프롬경주,5.0,2,2.8,1
51,찐미숯불구이,5.0,2,2.8,1
51,회랑고기랑,5.0,2,2.8,1
51,제주쾅쾅돈가스 경주점,5.0,2,2.8,1
51,장안복집,5.0,2,2.8,1
51,황미자초원구이 성건동본점,5.0,2,2.8,1
51,해적칼국수밀면 2호점,5.0,2,2.8,1
51,성건동 불막창 2학년1반,5.0,2,2.8,1
51,드런치,5.0,2,2.8,1
51,샤베리,5.0,2,2.8,1
51,뚝시돈,5.0,2,2.8,1
51,알라스카참치,5.0,2,2.8,1
51,신짜오 베트남쌀국수,5.0,2,2.8,1
51,김반미,5.0,2,2.8,1
51,톨테일,5.0,2,2.8,1
51,덕클 황리단길점,5.0,2,2.8,1
51,귀빈각,5.0,2,2.8,1
51,하노이피움,5.0,2,2.8,1
51,화린훠궈,5.0,2,2.8,1
51,남경관,5.0,2,2.8,1
51,마라사랑,5.0,2,2.8,1
51,배달쌀국수의정석,5.0,2,2.8,1
51,만강식당,5.0,2,2.8,1
51,촘촘 경주황리단길점,5.0,2,2.8,1
51,유브유부 연남점,5.0,2,2.8,1
51,반미띠,5.0,2,2.8,1
51,비스트로 비오스,5.0,2,2.8,1
51,Pho킹덤,5.0,2,2.8,1
51,석산참숯가마삼겹살 송천점,5.0,2,2.8,1
51,우아하게함바그,5.0,2,2.8,1
51,피자나라치킨공주 전주송천점,5.0,2,2.8,1
51,하이비엣남,5.0,2,2.8,1
51,대양참치,5.0,2,2.8,1
51,키친바이차녀 전주혁신만성점,5.0,2,2.8,1
51,참한집 경기광주점,5.0,2,2.8,1
51,포트리스쌀국수 호계점,5.0,2,2.8,1
51,자가제빵선명희피자 평촌점,5.0,2,2.8,1
51,시누아즈,5.0,2,2.8,1
51,원참치,5.0,2,2.8,1
51,Destiny Beer,5.0,2,2.8,1
51,전주양갈비양꼬지전문점,5.0,2,2.8,1
51,물고기의집,5.0,2,2.8,1
51,완산벌연탄집 본점,5.0,2,2.8,1
51,캐나다 노바스코샤랍스터 평촌점,5.0,2,2.8,1
51,렛츠고베트남,5.0,2,2.8,1
51,남짐릇,5.0,2,2.8,1
51,호미호식 연남점,5.0,2,2.8,1
51,서담헌,5.0,2,2.8,1
122,동대막창,4.9,2,2.7600000000000002,1
122,시청카츠,4.9,2,2.7600000000000002,1
122,시래기담은,4.9,2,2.7600000000000002,1
122,드럼통숯불구이,4.9,2,2.7600000000000002,1
122,피자스쿨 안양인덕원점,4.9,2,2.7600000000000002,1
122,카츠요,4.9,2,2.7600000000000002,1
122,보끔당 성수점,4.9,2,2.7600000000000002,1
122,쭈꾸미신화 아중점,4.9,2,2.7600000000000002,1
122,료카츠,4.9,2,2.7600000000000002,1
122,토박이한식뷔페앤도시락,4.9,2,2.7600000000000002,1
122,김태완스시 대치본점,4.9,2,2.7600000000000002,1
122,라쿵푸마라탕 연산시청점,4.9,2,2.7600000000000002,1
122,골목생선구이,4.9,2,2.7600000000000002,1
122,돈꾸앙,4.9,2,2.7600000000000002,1
122,마오,4.9,2,2.7600000000000002,1
122,피자홍플러스,4.9,2,2.7600000000000002,1
122,인생식당n초밥,4.9,2,2.7600000000000002,1
122,일사삼,4.9,2,2.7600000000000002,1
122,꾸아 전주신시가지점,4.9,2,2.7600000000000002,1
122,작가식당,4.9,2,2.7600000000000002,1
122,밀림원,4.9,2,2.7600000000000002,1
122,화룡양꼬치 일도점,4.9,2,2.7600000000000002,1
122,광치해장국,4.9,2,2.7600000000000002,1
122,공공시,4.9,2,2.7600000000000002,1
122,삼인행,4.9,2,2.7600000000000002,1
122,우라프라우드,4.9,2,2.7600000000000002,1
122,돈짱 양정점,4.9,2,2.7600000000000002,1
122,일월카츠 안국점,4.9,2,2.7600000000000002,1
122,백김치새싹막회 우아본점,4.9,2,2.7600000000000002,1
122,사치쌀국수,4.9,2,2.7600000000000002,1
122,스시이도 오코노미,4.9,2,2.7600000000000002,1
122,우리순대집,4.9,2,2.7600000000000002,1
122,테판클럽,4.9,2,2.7600000000000002,1
122,리호,4.9,2,2.7600000000000002,1
122,장원삼계탕,4.9,2,2.7600000000000002,1
122,어반922,4.9,2,2.7600000000000002,1
122,하노이별 망원점,4.9,2,2.7600000000000002,1
122,비스트로정,4.9,2,2.7600000000000002,1
122,옛날쌀국수,4.9,2,2.7600000000000002,1
122,은준쌀국수,4.9,2,2.7600000000000002,1
122,부엉이돈가스 대치점,4.9,2,2.7600000000000002,1
182,옛고향순대 경기광주점,4.8,2,2.7199999999999998,1
182,마장동숯불구이 경주본점,4.8,2,2.7199999999999998,1
182,통일가든,4.8,2,2.7199999999999998,1
182,도톰,4.8,2,2.7199999999999998,1
182,명동찌개마을 양정점,4.8,2,2.7199999999999998,1
182,다감 본점,4.8,2,2.7199999999999998,1
182,칭다오양꼬치 화북점,4.8,2,2.7199999999999998,1
182,청해붉은대게무한리필,4.8,2,2.7199999999999998,1
182,갈로팡,4.8,2,2.7199999999999998,1
182,침스버거 안국점,4.8,2,2.7199999999999998,1
182,공포마라탕 경기광주점,4.8,2,2.7199999999999998,1
182,우엔,4.8,2,2.7199999999999998,1
182,서쪽부엌 서부두점,4.8,2,2.7199999999999998,1
182,춘천옹심이,4.8,2,2.7199999999999998,1
182,성수동양갈비,4.8,2,2.7199999999999998,1
182,국민닭발 경기광주점,4.8,2,2.7199999999999998,1
182,멘큐단,4.8,2,2.7199999999999998,1
182,굿손 연남점,4.8,2,2.7199999999999998,1
182,월남면옥,4.8,2,2.7199999999999998,1
182,미엔다이꽌,4.8,2,2.7199999999999998,1
182,피자클래스 함덕점,4.8,2,2.7199999999999998,1
182,백년복집,4.8,2,2.7199999999999998,1
182,드렁킨타이 범계점,4.8,2,2.7199999999999998,1
182,키라리,4.8,2,2.7199999999999998,1
182,여기올래양꼬치,4.8,2,2.7199999999999998,1
182,혜정닭갈비,4.8,2,2.7199999999999998,1
182,카츠호,4.8,2,2.7199999999999998,1
182,포위치,4.8,2,2.7199999999999998,1
182,엄마뷔페 태국식무까타&샤브,4.8,2,2.7199999999999998,1
182,미영이네 2호점,4.8,2,2.7199999999999998,1
182,고집돌우럭 함덕점,4.8,2,2.7199999999999998,1
182,그레이비버거,4.8,2,2.7199999999999998,1
182,반디파스타 함덕본점,4.8,2,2.7199999999999998,1
182,조가네명가 경주본점,4.8,2,2.7199999999999998,1
182,가오 베트남 쌀국수,4.8,2,2.7199999999999998,1
182,쿤댕,4.8,2,2.7199999999999998,1
182,에스메로,4.8,2,2.7199999999999998,1
182,정참치,4.8,2,2.7199999999999998,1
182,일월카츠,4.8,2,2.7199999999999998,1
182,연희면관,4.8,2,2.7199999999999998,1
182,에덴수산,4.8,2,2.7199999999999998,1
182,후지,4.8,2,2.7199999999999998,1
182,규카츠정 판교점,4.8,2,2.7199999999999998,1
182,삼일정육식당,4.8,2,2.7199999999999998,1
182,일쏠레,4.8,2,2.7199999999999998,1
182,양북소머리곰탕,4.8,2,2.7199999999999998,1
182,미츠루,4.8,2,2.7199999999999998,1
182,레드이즈미,4.8,2,2.7199999999999998,1
182,정성다믐 연산점,4.8,2,2.7199999999999998,1
182,리틀타이랜드,4.8,2,2.7199999999999998,1
182,메이샤1990,4.8,2,2.7199999999999998,1
182,돈스마레,4.8,2,2.7199999999999998,1
182,천명꼬치구이,4.8,2,2.7199999999999998,1
182,비엣포,4.8,2,2.7199999999999998,1
182,고덕,4.8,2,2.7199999999999998,1
182,담백 함덕점,4.8,2,2.7199999999999998,1
182,스시타마루,4.8,2,2.7199999999999998,1
182,도사반점 한티역점,4.8,2,2.7199999999999998,1
182,연남타코,4.8,2,2.7199999999999998,1
182,일루카,4.8,2,2.7199999999999998,1
182,코티지블루,4.8,2,2.7199999999999998,1
182,행복한식당,4.8,2,2.7199999999999998,1
182,참진짜장짬뽕,4.8,2,2.7199999999999998,1
182,코지버거,4.8,2,2.7199999999999998,1
182,주스트윤,4.8,2,2.7199999999999998,1
182,버닝스톤,4.8,2,2.7199999999999998,1
182,봉탁항아리바비큐 불쭈꾸미 삼청동 본점,4.8,2,2.7199999999999998,1
182,크레송,4.8,2,2.7199999999999998,1
182,사카나,4.8,2,2.7199999999999998,1
182,우탕,4.8,2,2.7199999999999998,1
182,뜨랑,4.8,2,2.7199999999999998,1
182,크레숑,4.8,2,2.7199999999999998,1
182,명륜진사갈비 경주성건점,4.8,2,2.7199999999999998,1
182,페이퍼플레이트,4.8,2,2.7199999999999998,1
182,잇미버거,4.8,2,2.7199999999999998,1
182,하노이테이블,4.8,2,2.7199999999999998,1
182,춘천사랑닭갈비막국수,4.8,2,2.7199999999999998,1
182,태양곱창 성수,4.8,2,2.7199999999999998,1
182,순정루,4.8,2,2.7199999999999998,1
261,존맛식당,4.7,2,2.68,1
261,진국해장국,4.7,2,2.68,1
261,진중 우육면관 광화문,4.7,2,2.68,1
261,대물조개전골등갈비,4.7,2,2.68,1
261,타이팔칠,4.7,2,2.68,1
261,세아중식당,4.7,2,2.68,1
261,시골집,4.7,2,2.68,1
261,구미닭갈비,4.7,2,2.68,1
261,타코피에스타,4.7,2,2.68,1
261,열기,4.7,2,2.68,1
261,준카츠,4.7,2,2.68,1
261,신신원,4.7,2,2.68,1
261,온도,4.7,2,2.68,1
261,이수사,4.7,2,2.68,1
261,조조칼국수 성수점,4.7,2,2.68,1
261,담다,4.7,2,2.68,1
261,팥선생,4.7,2,2.68,1
261,투파인드피터 서현점,4.7,2,2.68,1
261,잇다프로젝트 연남,4.7,2,2.68,1
261,달빛참치,4.7,2,2.68,1
261,명륜진사갈비 안양인덕원점,4.7,2,2.68,1
261,아민 연남,4.7,2,2.68,1
261,리틀아메리카,4.7,2,2.68,1
261,스시요이,4.7,2,2.68,1
261,오한수우육면가 성수역점,4.7,2,2.68,1
261,훈춘양꼬치,4.7,2,2.68,1
261,허우짜 허셰프의우끼는짜장,4.7,2,2.68,1
261,스시가좋아서,4.7,2,2.68,1
261,고향마을정육점식당,4.7,2,2.68,1
261,쌈,4.7,2,2.68,1
261,진공푸,4.7,2,2.68,1
261,라라관 성수건대점,4.7,2,2.68,1
261,청혜참치,4.7,2,2.68,1
261,삿뽀로우동집,4.7,2,2.68,1
261,푸릴리 초월점,4.7,2,2.68,1
261,포레스트오늘숲 서판교점,4.7,2,2.68,1
261,돈조세,4.7,2,2.68,1
261,백스비비큐 안양평촌점,4.7,2,2.68,1
261,갓포아키 삼성점,4.7,2,2.68,1
261,춘리마라탕 양정점,4.7,2,2.68,1
261,도담스시,4.7,2,2.68,1
261,일품맛소,4.7,2,2.68,1
261,스파다,4.7,2,2.68,1
261,펠롱펠롱,4.7,2,2.68,1
261,써니눅,4.7,2,2.68,1
261,대림국수 연남점,4.7,2,2.68,1
261,대치동 1타피자,4.7,2,2.68,1
261,온 초담 전주본점,4.7,2,2.68,1
261,슈퍼빠쁄라,4.7,2,2.68,1
261,삼김화로구이,4.7,2,2.68,1
261,우리한우,4.7,2,2.68,1
261,코료리야 료정,4.7,2,2.68,1
261,낭풍,4.7,2,2.68,1
261,국숯집,4.7,2,2.68,1
261,베르두레 성수점,4.7,2,2.68,1
261,테이스트오브비엣 마포점,4.7,2,2.68,1
261,포썸,4.7,2,2.68,1
261,핸더 아중점,4.7,2,2.68,1
261,봄카츠,4.7,2,2.68,1
261,원마라가,4.7,2,2.68,1
261,어원,4.7,2,2.68,1
261,나랑히요,4.7,2,2.68,1
261,옐로트렁크,4.7,2,2.68,1
261,자매국수앤돈까스,4.7,2,2.68,1
261,엔폴리우드,4.7,2,2.68,1
261,필라델피아,4.7,2,2.68,1
261,일백하노이,4.7,2,2.68,1
261,감미옥 광주점,4.7,2,2.68,1
261,태국수,4.7,2,2.68,1
261,히세드예스,4.7,2,2.68,1
261,헤이피자,4.7,2,2.68,1
261,우타 UTA,4.7,2,2.68,1
261,콘스델리 춘천시청점,4.7,2,2.68,1
261,바운드리스바이비어드,4.7,2,2.68,1
261,소마,4.7,2,2.68,1
261,동방축산 양정점,4.7,2,2.68,1
261,란아한,4.7,2,2.68,1
261,비엣소셜클럽,4.7,2,2.68,1
261,굿손 부산전포점,4.7,2,2.68,1
359,차이치,4.6,2,2.6399999999999997,1
359,끌 함덕점,4.6,2,2.6399999999999997,1
359,정직유부 제주이도점,4.6,2,2.6399999999999997,1
359,모모토세,4.6,2,2.6399999999999997,1
359,화담,4.6,2,2.6399999999999997,1
359,라멩하우스,4.6,2,2.6399999999999997,1
359,고스트블랙 연남,4.6,2,2.6399999999999997,1
359,로켓타이,4.6,2,2.6399999999999997,1
359,부타노 온센,4.6,2,2.6399999999999997,1
359,연남화로,4.6,2,2.6399999999999997,1
359,스시선,4.6,2,2.6399999999999997,1
359,쑤쑤,4.6,2,2.6399999999999997,1
359,옥자,4.6,2,2.6399999999999997,1
359,반티엔야오 카오위 홍대점,4.6,2,2.6399999999999997,1
359,스시장,4.6,2,2.6399999999999997,1
359,디트로이트피지스,4.6,2,2.6399999999999997,1
359,춘천막국수,4.6,2,2.6399999999999997,1
359,연희동양꼬치,4.6,2,2.6399999999999997,1
359,키즈나,4.6,2,2.6399999999999997,1
359,하늘창고,4.6,2,2.6399999999999997,1
359,낙원동숯불닭갈비,4.6,2,2.6399999999999997,1
359,쿄다이텐동,4.6,2,2.6399999999999997,1
359,더푸드랩9,4.6,2,2.6399999999999997,1
359,노브13,4.6,2,2.6399999999999997,1
359,조약돌숯불닭갈비,4.6,2,2.6399999999999997,1
359,첨밀밀양꼬치 함덕점,4.6,2,2.6399999999999997,1
359,다락숯불닭갈비,4.6,2,2.6399999999999997,1
359,더스카이레스토랑,4.6,2,2.6399999999999997,1
359,낭만춘천숯불닭갈비,4.6,2,2.6399999999999997,1
359,온정,4.6,2,2.6399999999999997,1
359,죽향,4.6,2,2.6399999999999997,1
359,버거하이브,4.6,2,2.6399999999999997,1
359,양꼬치집,4.6,2,2.6399999999999997,1
359,하나라멘,4.6,2,2.6399999999999997,1
359,Steakist,4.6,2,2.6399999999999997,1
359,맘스터치 평촌역사거리점,4.6,2,2.6399999999999997,1
359,더 그린테이블,4.6,2,2.6399999999999997,1
359,미향양갈비&양꼬치,4.6,2,2.6399999999999997,1
359,포옥,4.6,2,2.6399999999999997,1
359,벅벅 종로혜화점,4.6,2,2.6399999999999997,1
359,연남흑돼지,4.6,2,2.6399999999999997,1
359,후라토식당 범계점,4.6,2,2.6399999999999997,1
359,환상양꼬치,4.6,2,2.6399999999999997,1
359,함덕스시소시,4.6,2,2.6399999999999997,1
359,예예예,4.6,2,2.6399999999999997,1
359,명궁,4.6,2,2.6399999999999997,1
359,매화양꼬치,4.6,2,2.6399999999999997,1
359,자연과사람들밀면,4.6,2,2.6399999999999997,1
359,초원삼계탕,4.6,2,2.6399999999999997,1
359,그리노,4.6,2,2.6399999999999997,1
359,연옥 양꼬치,4.6,2,2.6399999999999997,1
359,쌀국수집,4.6,2,2.6399999999999997,1
359,LE SOL,4.6,2,2.6399999999999997,1
359,선장과해녀,4.6,2,2.6399999999999997,1
359,호라파,4.6,2,2.6399999999999997,1
359,해오반 함덕점,4.6,2,2.6399999999999997,1
359,이가네양꼬치,4.6,2,2.6399999999999997,1
359,풍년집 선릉점,4.6,2,2.6399999999999997,1
359,진대감 선릉점,4.6,2,2.6399999999999997,1
359,마라공방 중앙점,4.6,2,2.6399999999999997,1
359,소문각,4.6,2,2.6399999999999997,1
359,정통춘천닭갈비,4.6,2,2.6399999999999997,1
359,두툼한고기돈돼지,4.6,2,2.6399999999999997,1
359,경주Ok목장 경주본점,4.6,2,2.6399999999999997,1
359,덕발장,4.6,2,2.6399999999999997,1
359,타이완소야 진진 신촌본점,4.6,2,2.6399999999999997,1
359,반미362 대학로점,4.6,2,2.6399999999999997,1
359,스시아오마츠,4.6,2,2.6399999999999997,1
359,까이9,4.6,2,2.6399999999999997,1
359,범천집목구이 양정점,4.6,2,2.6399999999999997,1
359,베트남 시장 쌀국수,4.6,2,2.6399999999999997,1
359,오카츠,4.6,2,2.6399999999999997,1
359,리타르단도,4.6,2,2.6399999999999997,1
359,타코낫타코,4.6,2,2.6399999999999997,1
359,코지라멘,4.6,2,2.6399999999999997,1
359,하노이스토리,4.6,2,2.6399999999999997,1
359,잭슨피자 성수점,4.6,2,2.6399999999999997,1
359,언껀,4.6,2,2.6399999999999997,1
359,함덕뚝배기,4.6,2,2.6399999999999997,1
359,포카페,4.6,2,2.6399999999999997,1
359,포보 성균관대점,4.6,2,2.6399999999999997,1
359,잭슨피자 대치점,4.6,2,2.6399999999999997,1
359,문개항아리 조천본점,4.6,2,2.6399999999999997,1
359,비스트로가마,4.6,2,2.6399999999999997,1
359,밀양상회,4.6,2,2.6399999999999997,1
359,포가레 신촌점,4.6,2,2.6399999999999997,1
359,조개도,4.6,2,2.6399999999999997,1
359,라그릴리아 판교점,4.6,2,2.6399999999999997,1
359,탐키친,4.6,2,2.6399999999999997,1
359,호아빈 부산아시아드점,4.6,2,2.6399999999999997,1
359,오스쿠로,4.6,2,2.6399999999999997,1
359,아성원,4.6,2,2.6399999999999997,1
359,피읻짜,4.6,2,2.6399999999999997,1
359,이랑닭한마리칼국수,4.6,2,2.6399999999999997,1
359,스시긴,4.6,2,2.6399999999999997,1
359,율군짬뽕,4.6,2,2.6399999999999997,1
359,도미,4.6,2,2.6399999999999997,1
359,그린치앙마이,4.6,2,2.6399999999999997,1
359,고운돈카츠 본점,4.6,2,2.6399999999999997,1
359,부부파스타,4.6,2,2.6399999999999997,1
359,텐바,4.6,2,2.6399999999999997,1
359,마부마라탕 인덕원점,4.6,2,2.6399999999999997,1
359,대호당,4.6,2,2.6399999999999997,1
359,아시안쿠진,4.6,2,2.6399999999999997,1
359,나가호리라멘,4.6,2,2.6399999999999997,1
359,전주칼국수,4.6,2,2.6399999999999997,1
359,큰집피순대,4.6,2,2.6399999999999997,1
359,피제리아 비니스,4.6,2,2.6399999999999997,1
359,여만국수전문점,4.6,2,2.6399999999999997,1
359,어방참치 서울본점,4.6,2,2.6399999999999997,1
359,나이스누들,4.6,2,2.6399999999999997,1
359,우라우라,4.6,2,2.6399999999999997,1
359,스시다미 송천점,4.6,2,2.6399999999999997,1
359,립하우스,4.6,2,2.6399999999999997,1
359,포카이,4.6,2,2.6399999999999997,1
359,부산곱창,4.6,2,2.6399999999999997,1
359,여덟,4.6,2,2.6399999999999997,1
359,오키초밥,4.6,2,2.6399999999999997,1
479,택이네조개전골 분당미금점,4.5,2,2.6,1
479,녹원쌈밥,4.5,2,2.6,1
479,오이소순대국,4.5,2,2.6,1
479,스시언,4.5,2,2.6,1
479,키친바락,4.5,2,2.6,1
479,50엔드피자,4.5,2,2.6,1
479,다인,4.5,2,2.6,1
479,오코노미야키 포비 연남,4.5,2,2.6,1
479,버거샵 서면점,4.5,2,2.6,1
479,함덕다퍼주는횟집,4.5,2,2.6,1
479,쁘띠다이너,4.5,2,2.6,1
479,뭉텅 연남점,4.5,2,2.6,1
479,라보테 송천점,4.5,2,2.6,1
479,오야,4.5,2,2.6,1
479,애월연어 제주함덕점,4.5,2,2.6,1
479,도부,4.5,2,2.6,1
479,유케집 연남점,4.5,2,2.6,1
479,토끼다이닝 연남,4.5,2,2.6,1
479,피자덕 서면점,4.5,2,2.6,1
479,훈남횟집,4.5,2,2.6,1
479,포시즌 부산본점,4.5,2,2.6,1
479,홍호아,4.5,2,2.6,1
479,Bored&Hungry,4.5,2,2.6,1
479,각지불,4.5,2,2.6,1
479,사천리훠궈 홍대점,4.5,2,2.6,1
479,하오츠,4.5,2,2.6,1
479,도일참치,4.5,2,2.6,1
479,도꾸이,4.5,2,2.6,1
479,양산도 대치점,4.5,2,2.6,1
479,중찬,4.5,2,2.6,1
479,1988돈까사,4.5,2,2.6,1
479,왕중왕짜장 전주점,4.5,2,2.6,1
479,피자선생 안양관양1동점,4.5,2,2.6,1
479,짬뽕관 전주역점,4.5,2,2.6,1
479,동북반점,4.5,2,2.6,1
479,미분당 성수점,4.5,2,2.6,1
479,아워테이스트,4.5,2,2.6,1
479,곰면옥,4.5,2,2.6,1
479,300kg참치,4.5,2,2.6,1
479,피셋,4.5,2,2.6,1
479,이가네양꼬치 대치동점,4.5,2,2.6,1
479,까망,4.5,2,2.6,1
479,고기녹소 혁신점,4.5,2,2.6,1
479,청진동해물탕,4.5,2,2.6,1
479,진티엔,4.5,2,2.6,1
479,GTS버거 성수점,4.5,2,2.6,1
479,키친요디,4.5,2,2.6,1
479,강촌다슬기,4.5,2,2.6,1
479,항방양꼬치 한티점,4.5,2,2.6,1
479,라이스페이포 산본점,4.5,2,2.6,1
479,한돈만,4.5,2,2.6,1
479,친구테이블,4.5,2,2.6,1
479,청정회수산,4.5,2,2.6,1
479,고피자 전북대점,4.5,2,2.6,1
479,마포구연남돈,4.5,2,2.6,1
479,꼬요식당,4.5,2,2.6,1
479,연희미식,4.5,2,2.6,1
479,포하임 선릉점,4.5,2,2.6,1
479,비스트로오라,4.5,2,2.6,1
479,이채카페,4.5,2,2.6,1
479,초록섬미역,4.5,2,2.6,1
479,낙원닭갈비,4.5,2,2.6,1
479,김해뒷고기,4.5,2,2.6,1
479,포탄,4.5,2,2.6,1
479,천하제일탕수육 명륜점,4.5,2,2.6,1
479,인덕원왕양꼬치,4.5,2,2.6,1
479,미스사이공 역삼점,4.5,2,2.6,1
479,VVT버거,4.5,2,2.6,1
479,북경,4.5,2,2.6,1
479,무공돈까스 성수이마트점,4.5,2,2.6,1
479,진달래양꼬치구이 인덕원본점,4.5,2,2.6,1
479,투쿡,4.5,2,2.6,1
479,연남파스타야,4.5,2,2.6,1
479,팔복,4.5,2,2.6,1
479,다미,4.5,2,2.6,1
479,분분 판교운중점,4.5,2,2.6,1
479,다한차이나,4.5,2,2.6,1
479,부퓌에트 발랴,4.5,2,2.6,1
479,짱궤,4.5,2,2.6,1
479,람부뜨리,4.5,2,2.6,1
479,호보식당 성수직영점,4.5,2,2.6,1
479,륭림닭발 본점,4.5,2,2.6,1
479,어향원,4.5,2,2.6,1
479,꾸아 대학로점,4.5,2,2.6,1
479,황씨네,4.5,2,2.6,1
479,육면,4.5,2,2.6,1
479,모트,4.5,2,2.6,1
479,데이빗앤룰스 서판교점,4.5,2,2.6,1
479,하이퐁,4.5,2,2.6,1
479,토리아에즈 성수점,4.5,2,2.6,1
479,피터팬돈까스&스파게티,4.5,2,2.6,1
479,파랑새야,4.5,2,2.6,1
479,장정정,4.5,2,2.6,1
479,작은마을,4.5,2,2.6,1
479,쇼카츠,4.5,2,2.6,1
479,까이식당,4.5,2,2.6,1
479,회모리,4.5,2,2.6,1
479,오늘도 우연히,4.5,2,2.6,1
479,수카츠,4.5,2,2.6,1
479,7번가피자 제주삼화점,4.5,2,2.6,1
479,피자느반,4.5,2,2.6,1
479,부산밀면,4.5,2,2.6,1
479,다오라민포,4.5,2,2.6,1
479,머무를 정 세이로무시,4.5,2,2.6,1
479,스시지현,4.5,2,2.6,1
479,진시황제,4.5,2,2.6,1
479,랜돌프비어 대치점,4.5,2,2.6,1
479,자가제빵선명희피자 제주삼양화북점,4.5,2,2.6,1
479,이브로파스타,4.5,2,2.6,1
479,양우양꼬치,4.5,2,2.6,1
479,와흘밥상,4.5,2,2.6,1
479,이가네양꼬치 야탑직영점,4.5,2,2.6,1
479,미분당 홍대점,4.5,2,2.6,1
479,오오모리,4.5,2,2.6,1
479,육림객잔,4.5,2,2.6,1
479,퐁타이,4.5,2,2.6,1
479,스시소라 정자점,4.5,2,2.6,1
479,위안바오,4.5,2,2.6,1
479,꾸우덕 강남점,4.5,2,2.6,1
479,성수장어,4.5,2,2.6,1
479,거북이의꿈,4.5,2,2.6,1
479,리스카페,4.5,2,2.6,1
608,고사리식당,4.4,2,2.56,1
608,스필아웃,4.4,2,2.56,1
608,반타이 쏘이54,4.4,2,2.56,1
608,흑본 오겹 함덕점,4.4,2,2.56,1
608,대촌회미락,4.4,2,2.56,1
608,본가나주곰탕,4.4,2,2.56,1
608,오가네 전복설렁탕 함덕점,4.4,2,2.56,1
608,장어가,4.4,2,2.56,1
608,탕화쿵푸마라탕 광주경안점,4.4,2,2.56,1
608,양식구옥,4.4,2,2.56,1
608,수미주방,4.4,2,2.56,1
608,장화신은고양이,4.4,2,2.56,1
608,커스텀샐러드,4.4,2,2.56,1
608,김주학짬뽕,4.4,2,2.56,1
608,포히엔베트남쌀국수 이대점,4.4,2,2.56,1
608,문일리,4.4,2,2.56,1
608,카츠토랑 연남본점,4.4,2,2.56,1
608,엄마돈까스,4.4,2,2.56,1
608,베트남노상식당 연남직영점,4.4,2,2.56,1
608,동차밥,4.4,2,2.56,1
608,함덕닭해장국,4.4,2,2.56,1
608,찐명품짜장박사,4.4,2,2.56,1
608,천월반점 호계점,4.4,2,2.56,1
608,금보가든,4.4,2,2.56,1
608,세쯔야,4.4,2,2.56,1
608,명품김제한우,4.4,2,2.56,1
608,연남동질리,4.4,2,2.56,1
608,파델라,4.4,2,2.56,1
608,스시정,4.4,2,2.56,1
608,홍운각,4.4,2,2.56,1
608,스시야,4.4,2,2.56,1
608,니시무라멘 연남본점,4.4,2,2.56,1
608,육화몽 인덕원점,4.4,2,2.56,1
608,큰손 범계점,4.4,2,2.56,1
608,파스타빌라,4.4,2,2.56,1
608,싹쓰리곱창,4.4,2,2.56,1
608,오스테리아밀즈 경주점,4.4,2,2.56,1
608,와일드플로어,4.4,2,2.56,1
608,착한참치,4.4,2,2.56,1
608,도량,4.4,2,2.56,1
608,백정돈 공장 성수2호점,4.4,2,2.56,1
608,홍코코로스시,4.4,2,2.56,1
608,스시와,4.4,2,2.56,1
608,반짠,4.4,2,2.56,1
608,우리집,4.4,2,2.56,1
608,조밀 경주점,4.4,2,2.56,1
608,이가네양꼬치 서현점,4.4,2,2.56,1
608,함덕골목 본점,4.4,2,2.56,1
608,누하우동초밥,4.4,2,2.56,1
608,스시하루,4.4,2,2.56,1
608,문경올드,4.4,2,2.56,1
608,하인선생,4.4,2,2.56,1
608,성심식당,4.4,2,2.56,1
608,용용선생 정자역점,4.4,2,2.56,1
608,마담밍 선릉점,4.4,2,2.56,1
608,일품마라탕,4.4,2,2.56,1
608,맛있는고기에솜씨를더하다 양정점,4.4,2,2.56,1
608,아카이브,4.4,2,2.56,1
608,은신처 종로점,4.4,2,2.56,1
608,세디치,4.4,2,2.56,1
608,레니엡(케이준푸드),4.4,2,2.56,1
608,소바카게,4.4,2,2.56,1
608,포메인레드 도곡점,4.4,2,2.56,1
608,돈오돈국밥 시청점,4.4,2,2.56,1
608,신기루오뎅바,4.4,2,2.56,1
608,곡하노이 베트남 정통 레스토랑,4.4,2,2.56,1
608,흐엉꾸에하롱베이퍼 전북대본점,4.4,2,2.56,1
608,킷포우,4.4,2,2.56,1
608,사이공핫팟,4.4,2,2.56,1
608,연정,4.4,2,2.56,1
608,정회 본점,4.4,2,2.56,1
608,더피자스탠드,4.4,2,2.56,1
608,크라이치즈버거 삼성역점,4.4,2,2.56,1
608,긴자료코 대치점,4.4,2,2.56,1
608,야무,4.4,2,2.56,1
608,봉자네돈까스,4.4,2,2.56,1
608,해,4.4,2,2.56,1
608,와려,4.4,2,2.56,1
608,두툼왕돈까스 양정점,4.4,2,2.56,1
608,류센소 황리단길점,4.4,2,2.56,1
608,어반다이닝,4.4,2,2.56,1
608,다사리아,4.4,2,2.56,1
608,롤링파스타 서현역점,4.4,2,2.56,1
608,153돈까스,4.4,2,2.56,1
608,포가,4.4,2,2.56,1
608,마조레,4.4,2,2.56,1
608,호쿠모쿠,4.4,2,2.56,1
608,경성양꼬치,4.4,2,2.56,1
608,족보설렁탕,4.4,2,2.56,1
608,만월살롱,4.4,2,2.56,1
608,작은언덕의선물,4.4,2,2.56,1
608,매튜,4.4,2,2.56,1
608,배꼽시계,4.4,2,2.56,1
608,미소국수,4.4,2,2.56,1
608,팜티진쌀국수,4.4,2,2.56,1
608,페리하우스,4.4,2,2.56,1
608,오오치,4.4,2,2.56,1
608,코요,4.4,2,2.56,1
608,라무진 선릉역점,4.4,2,2.56,1
608,시옹마오,4.4,2,2.56,1
608,연남제비,4.4,2,2.56,1
608,신아라성,4.4,2,2.56,1
608,꿀돼지집,4.4,2,2.56,1
608,타이반쩜 안양범계점,4.4,2,2.56,1
608,남플라,4.4,2,2.56,1
608,탄스키친,4.4,2,2.56,1
608,느루온,4.4,2,2.56,1
608,카가라멘,4.4,2,2.56,1
608,하오챵 전북혁신도시점,4.4,2,2.56,1
608,용소루,4.4,2,2.56,1
608,파앤피파스타하우스 평촌학원가점,4.4,2,2.56,1
608,오향만두,4.4,2,2.56,1
608,신쓰부,4.4,2,2.56,1
608,한소헌,4.4,2,2.56,1
608,야미 전북대점,4.4,2,2.56,1
608,나능이능이버섯백숙 대치점,4.4,2,2.56,1
608,타코마이너,4.4,2,2.56,1
608,롤타이드,4.4,2,2.56,1
608,퀴진라끌레,4.4,2,2.56,1
608,슬로우파크,4.4,2,2.56,1
608,중화,4.4,2,2.56,1
608,Cflamingo,4.4,2,2.56,1
608,왕푸징양꼬치,4.4,2,2.56,1
608,중화주가 명정루,4.4,2,2.56,1
608,마라홀릭,4.4,2,2.56,1
608,도시반점,4.4,2,2.56,1
608,향희,4.4,2,2.56,1
608,패티패티,4.4,2,2.56,1
608,서현 장원막국수,4.4,2,2.56,1
608,건강을위한밥집,4.4,2,2.56,1
608,마리오네,4.4,2,2.56,1
608,춘천돈가스,4.4,2,2.56,1
608,갓잇 성수점,4.4,2,2.56,1
608,농민백암순대 본점,4.4,2,2.56,1
608,준스시,4.4,2,2.56,1
608,차차밀로,4.4,2,2.56,1
754,열정마산아구,4.3,2,2.52,1
754,화산춘,4.3,2,2.52,1
754,트럼펫,4.3,2,2.52,1
754,양정정통밀면,4.3,2,2.52,1
754,덕천식당,4.3,2,2.52,1
754,세컨디콜리,4.3,2,2.52,1
754,대가참치 부산본점,4.3,2,2.52,1
754,콴안다오,4.3,2,2.52,1
754,한옥면옥,4.3,2,2.52,1
754,칠국관,4.3,2,2.52,1
754,가화만사성,4.3,2,2.52,1
754,미분당 전주신시가지점,4.3,2,2.52,1
754,차이짬뽕,4.3,2,2.52,1
754,진미면막국수,4.3,2,2.52,1
754,산방식당 함덕점,4.3,2,2.52,1
754,정초밥,4.3,2,2.52,1
754,동카름,4.3,2,2.52,1
754,옥계삼계탕,4.3,2,2.52,1
754,오목돌바지락손칼국수,4.3,2,2.52,1
754,비스트로인뉴욕,4.3,2,2.52,1
754,라화방마라탕,4.3,2,2.52,1
754,드래곤웍스,4.3,2,2.52,1
754,도원뚝배기짬뽕,4.3,2,2.52,1
754,홍대무라,4.3,2,2.52,1
754,모리,4.3,2,2.52,1
754,구좌리 얼크니손칼국수 분당금곡직영점,4.3,2,2.52,1
754,잔칫집,4.3,2,2.52,1
754,신멘,4.3,2,2.52,1
754,곱창마을,4.3,2,2.52,1
754,춘천토종닭갈비,4.3,2,2.52,1
754,타코비 춘천점,4.3,2,2.52,1
754,스시요,4.3,2,2.52,1
754,스시요혼,4.3,2,2.52,1
754,돈가스tv,4.3,2,2.52,1
754,고쿠텐 춘천점,4.3,2,2.52,1
754,옹기김치집,4.3,2,2.52,1
754,능이향기,4.3,2,2.52,1
754,파파존스 춘천점,4.3,2,2.52,1
754,왕십리야채곱창,4.3,2,2.52,1
754,배럴하우스,4.3,2,2.52,1
754,인더비엣 범계직영점,4.3,2,2.52,1
754,벤탄빌라 의왕내손점,4.3,2,2.52,1
754,전티마이 평촌점,4.3,2,2.52,1
754,샤브향 강원석사점,4.3,2,2.52,1
754,월남선생 춘천CGV점,4.3,2,2.52,1
754,도스타코스 안양범계점,4.3,2,2.52,1
754,크루아라다,4.3,2,2.52,1
754,레이아웃,4.3,2,2.52,1
754,신수짜장짬뽕,4.3,2,2.52,1
754,밀목반점,4.3,2,2.52,1
754,호오탕훠궈 미금점,4.3,2,2.52,1
754,할매낙지,4.3,2,2.52,1
754,소문난돼지국밥,4.3,2,2.52,1
754,몬안베띠 정자점,4.3,2,2.52,1
754,메이샹,4.3,2,2.52,1
754,피슈마라홍탕 경주황성점,4.3,2,2.52,1
754,오리엔탈게이트,4.3,2,2.52,1
754,대영불짜장,4.3,2,2.52,1
754,레스토랑마고,4.3,2,2.52,1
754,무비짜장짬뽕,4.3,2,2.52,1
754,황남홍가,4.3,2,2.52,1
754,리스카페 정자,4.3,2,2.52,1
754,쿠우동,4.3,2,2.52,1
754,짬뽕타임플러스,4.3,2,2.52,1
754,찰리스버거,4.3,2,2.52,1
754,어니언키친,4.3,2,2.52,1
754,더플레이스 판교점,4.3,2,2.52,1
754,해야화덕피자,4.3,2,2.52,1
754,키레이,4.3,2,2.52,1
754,피자옥,4.3,2,2.52,1
754,미카도,4.3,2,2.52,1
754,쭈꾸미시스터즈 춘천점,4.3,2,2.52,1
754,이가네양꼬치,4.3,2,2.52,1
754,춘천우미닭갈비막국수,4.3,2,2.52,1
754,소양강다슬기전문점,4.3,2,2.52,1
754,이가네양꼬치 미금점,4.3,2,2.52,1
754,명물닭갈비,4.3,2,2.52,1
754,두향 본점,4.3,2,2.52,1
754,부산 대오야,4.3,2,2.52,1
754,벨라로사,4.3,2,2.52,1
754,코너546,4.3,2,2.52,1
754,화원,4.3,2,2.52,1
754,니꾸킹버거,4.3,2,2.52,1
754,동백식당,4.3,2,2.52,1
754,백스트리트피자,4.3,2,2.52,1
754,금금,4.3,2,2.52,1
754,권식족발,4.3,2,2.52,1
754,개성철렵,4.3,2,2.52,1
754,북촌집,4.3,2,2.52,1
754,연남오락실,4.3,2,2.52,1
754,이가네양꼬치 성수직영점,4.3,2,2.52,1
754,원보양꼬치,4.3,2,2.52,1
754,홍보석,4.3,2,2.52,1
754,아로포,4.3,2,2.52,1
754,쿠아타이푸드,4.3,2,2.52,1
754,아임파인,4.3,2,2.52,1
754,다옴383,4.3,2,2.52,1
754,대성성,4.3,2,2.52,1
754,코랏,4.3,2,2.52,1
754,네기라이브,4.3,2,2.52,1
754,찌마찌마,4.3,2,2.52,1
754,포포빈,4.3,2,2.52,1
754,디엔,4.3,2,2.52,1
754,고로고로 성수,4.3,2,2.52,1
754,키키노히호 성수점,4.3,2,2.52,1
754,영수분식,4.3,2,2.52,1
754,소바마에 니고,4.3,2,2.52,1
754,빠끼또,4.3,2,2.52,1
754,리틀타코바,4.3,2,2.52,1
754,중화복춘살롱,4.3,2,2.52,1
754,몽중식,4.3,2,2.52,1
754,마구로쇼쿠도,4.3,2,2.52,1
754,스시고,4.3,2,2.52,1
754,큐도,4.3,2,2.52,1
754,대승곱창,4.3,2,2.52,1
754,화설 연남점,4.3,2,2.52,1
754,키친숲,4.3,2,2.52,1
754,상상 함덕점,4.3,2,2.52,1
754,돈까스송쉡,4.3,2,2.52,1
754,블루핀,4.3,2,2.52,1
754,연주방어페어,4.3,2,2.52,1
754,물랑,4.3,2,2.52,1
754,잇바이탭 일도점,4.3,2,2.52,1
754,원더버거,4.3,2,2.52,1
754,스미레돈카츠 안국점,4.3,2,2.52,1
754,무겐스위치,4.3,2,2.52,1
754,하쿠텐,4.3,2,2.52,1
754,바비큐공장,4.3,2,2.52,1
754,오카즈,4.3,2,2.52,1
754,규카츠정 연남점,4.3,2,2.52,1
754,베이징마라탕,4.3,2,2.52,1
754,명국수,4.3,2,2.52,1
754,육품,4.3,2,2.52,1
754,선흘방주할머니식당,4.3,2,2.52,1
754,홍야동양꼬치,4.3,2,2.52,1
754,르프리크,4.3,2,2.52,1
754,한성양꼬치,4.3,2,2.52,1
754,신촌황소곱창 선릉직영점,4.3,2,2.52,1
754,발리문,4.3,2,2.52,1
754,슬랙,4.3,2,2.52,1
754,함덕마당,4.3,2,2.52,1
754,봉쥬르,4.3,2,2.52,1
754,옥스라이브 파이어그릴 성수,4.3,2,2.52,1
754,마블넘버나인,4.3,2,2.52,1
754,맘맘테이블,4.3,2,2.52,1
754,벱,4.3,2,2.52,1
754,그때그집족발파전,4.3,2,2.52,1
754,참치공방 선릉점,4.3,2,2.52,1
754,교래흑돼지 본점,4.3,2,2.52,1
754,롸카두들 내쉬빌 핫치킨 성수점,4.3,2,2.52,1
754,뽕나무쟁이 선릉본점,4.3,2,2.52,1
754,라지라프,4.3,2,2.52,1
754,파파호 청담점,4.3,2,2.52,1
754,투파인드피터 성수점,4.3,2,2.52,1
754,피자스쿨 대치점,4.3,2,2.52,1
900,신짜우,4.2,2,2.48,1
900,치화,4.2,2,2.48,1
900,참치에반하다,4.2,2,2.48,1
900,오성식당,4.2,2,2.48,1
900,오복수산 판교점,4.2,2,2.48,1
900,기생우동,4.2,2,2.48,1
900,한가람,4.2,2,2.48,1
900,크레베떼,4.2,2,2.48,1
900,소문난의정부부대찌개 춘천시청점,4.2,2,2.48,1
900,동호곱창,4.2,2,2.48,1
900,유미닭갈비,4.2,2,2.48,1
900,성수곰식당 2층,4.2,2,2.48,1
900,명성옥 전주본점,4.2,2,2.48,1
900,옛날손짜장,4.2,2,2.48,1
900,폽타이,4.2,2,2.48,1
900,도마유즈라멘,4.2,2,2.48,1
900,금암피순대,4.2,2,2.48,1
900,두부공방,4.2,2,2.48,1
900,자오챤,4.2,2,2.48,1
900,용문객잔,4.2,2,2.48,1
900,청석골 경안점,4.2,2,2.48,1
900,투파인드피터 범계점,4.2,2,2.48,1
900,올라타파스,4.2,2,2.48,1
900,별짬뽕,4.2,2,2.48,1
900,디이롱,4.2,2,2.48,1
900,로충칭마라탕 전북대점,4.2,2,2.48,1
900,퍼틴 성수점,4.2,2,2.48,1
900,강윤구스시야,4.2,2,2.48,1
900,솔솥 연남점,4.2,2,2.48,1
900,수아마노,4.2,2,2.48,1
900,풍천장어 연남점,4.2,2,2.48,1
900,수라간,4.2,2,2.48,1
900,동인동 삼성,4.2,2,2.48,1
900,명품짬뽕,4.2,2,2.48,1
900,홍익돈까스 전주호성점,4.2,2,2.48,1
900,키아이,4.2,2,2.48,1
900,진하우스,4.2,2,2.48,1
900,한어울,4.2,2,2.48,1
900,리네,4.2,2,2.48,1
900,기찻길옆오막살이,4.2,2,2.48,1
900,정가네능이백숙,4.2,2,2.48,1
900,윤밀원,4.2,2,2.48,1
900,프랭크버거 삼화점,4.2,2,2.48,1
900,만월,4.2,2,2.48,1
900,이가네양꼬치 유스페이스점,4.2,2,2.48,1
900,나이팟타이,4.2,2,2.48,1
900,미태리 선릉포스코점,4.2,2,2.48,1
900,블루핀튜나,4.2,2,2.48,1
900,소풍막창,4.2,2,2.48,1
900,송화양꼬치,4.2,2,2.48,1
900,송화산시도삭면 2호점,4.2,2,2.48,1
900,타이엔,4.2,2,2.48,1
900,까몬 분당정자점,4.2,2,2.48,1
900,라마네 의식주,4.2,2,2.48,1
900,미분당 서현점,4.2,2,2.48,1
900,반포식스 서울시청점,4.2,2,2.48,1
900,이키나리돈부리,4.2,2,2.48,1
900,스시길,4.2,2,2.48,1
900,포삼팔 포스코점,4.2,2,2.48,1
900,사이공본가 대치학원가점,4.2,2,2.48,1
900,행복한상,4.2,2,2.48,1
900,스시메이 성수점,4.2,2,2.48,1
900,서울칼국수,4.2,2,2.48,1
900,영심이왕족발,4.2,2,2.48,1
900,장충웰빙족발 경주점,4.2,2,2.48,1
900,우동가조쿠 성수점,4.2,2,2.48,1
900,보배반점 부산시청점,4.2,2,2.48,1
900,우라성수,4.2,2,2.48,1
900,퍼하노이,4.2,2,2.48,1
900,에픽버거,4.2,2,2.48,1
900,후라토식당 성수낙낙점,4.2,2,2.48,1
900,모리향,4.2,2,2.48,1
900,오샐러드,4.2,2,2.48,1
900,더수제,4.2,2,2.48,1
900,타이거풀,4.2,2,2.48,1
900,마마문스 판교본점,4.2,2,2.48,1
900,첨미,4.2,2,2.48,1
900,아나바,4.2,2,2.48,1
900,최가돈까스,4.2,2,2.48,1
900,흐엉꾸에하롱베이퍼 직영점,4.2,2,2.48,1
900,다담,4.2,2,2.48,1
900,스시생선가게 정자본점,4.2,2,2.48,1
900,라라테이블,4.2,2,2.48,1
900,멜랑,4.2,2,2.48,1
900,콘비노,4.2,2,2.48,1
900,이연국수,4.2,2,2.48,1
900,더블해피니스,4.2,2,2.48,1
900,푸치니,4.2,2,2.48,1
900,라멘집,4.2,2,2.48,1
900,부영도가니탕전문,4.2,2,2.48,1
900,데니스타코 성수점,4.2,2,2.48,1
900,광장족발 본가,4.2,2,2.48,1
900,뚜에이오,4.2,2,2.48,1
900,도원,4.2,2,2.48,1
900,신꼬막짬뽕 본점,4.2,2,2.48,1
900,르메콩,4.2,2,2.48,1
900,미분당 서면점,4.2,2,2.48,1
900,스콜,4.2,2,2.48,1
900,믹스토랑 부산시청점,4.2,2,2.48,1
900,모리,4.2,2,2.48,1
900,오마카세 오사이초밥 성수점,4.2,2,2.48,1
900,박해동스시,4.2,2,2.48,1
900,풍황,4.2,2,2.48,1
900,하이디라오 홍대지점,4.2,2,2.48,1
900,소호복집,4.2,2,2.48,1
900,향미각,4.2,2,2.48,1
900,대풍미락,4.2,2,2.48,1
900,아맛나양꼬치,4.2,2,2.48,1
900,사케아이,4.2,2,2.48,1
900,제스티살룬 연남,4.2,2,2.48,1
900,수부니흐,4.2,2,2.48,1
900,연남동 베르데,4.2,2,2.48,1
900,리리마카오굴국수,4.2,2,2.48,1
900,사이카츠,4.2,2,2.48,1
900,아노브피자 연남점,4.2,2,2.48,1
900,하나에미스시,4.2,2,2.48,1
900,쑥짜이,4.2,2,2.48,1
900,사누끼,4.2,2,2.48,1
900,그리스마스,4.2,2,2.48,1
900,함덕 연옥,4.2,2,2.48,1
900,진우네초밥,4.2,2,2.48,1
900,범돈,4.2,2,2.48,1
900,고오루덴,4.2,2,2.48,1
900,미복,4.2,2,2.48,1
900,다래궁,4.2,2,2.48,1
900,교래곶자왈손칼국수,4.2,2,2.48,1
900,함덕해물라면오빠집,4.2,2,2.48,1
900,맛있는초밥가게,4.2,2,2.48,1
900,왕가반점,4.2,2,2.48,1
900,쌥이리,4.2,2,2.48,1
900,연남동느루,4.2,2,2.48,1
900,푸른바다 볼테기,4.2,2,2.48,1
900,사계절국수,4.2,2,2.48,1
900,시부야타코야키,4.2,2,2.48,1
900,라오,4.2,2,2.48,1
900,선이네밥집,4.2,2,2.48,1
900,계절식탁 함덕점,4.2,2,2.48,1
1039,퍼응언,4.1,2,2.44,1
1039,스시우미 광화문,4.1,2,2.44,1
1039,심마니약초백숙,4.1,2,2.44,1
1039,카츠쇼쿠도우 판교본점,4.1,2,2.44,1
1039,사카나야,4.1,2,2.44,1
1039,코이라멘 분당야탑점,4.1,2,2.44,1
1039,멘야카오리 분당정자점,4.1,2,2.44,1
1039,으뜸카츠,4.1,2,2.44,1
1039,시드니월남쌈 경주점,4.1,2,2.44,1
1039,루암밋타이,4.1,2,2.44,1
1039,팔덕식당 안양본점,4.1,2,2.44,1
1039,로씨니,4.1,2,2.44,1
1039,예돈돈까스 정자본점,4.1,2,2.44,1
1039,황산샤브샤브 종로점,4.1,2,2.44,1
1039,함덕찜,4.1,2,2.44,1
1039,갓잇 안국점,4.1,2,2.44,1
1039,수타우동겐 본점,4.1,2,2.44,1
1039,사누키진우동,4.1,2,2.44,1
1039,도원참치,4.1,2,2.44,1
1039,파크하얏트 서울 더팀버하우스,4.1,2,2.44,1
1039,신라반점,4.1,2,2.44,1
1039,라무진 성수카페거리점,4.1,2,2.44,1
1039,할아버지돈까스,4.1,2,2.44,1
1039,나이스샤워 선릉역점,4.1,2,2.44,1
1039,코끼리아프리카 까스까스,4.1,2,2.44,1
1039,라보테,4.1,2,2.44,1
1039,미엔,4.1,2,2.44,1
1039,PKM가든레스토랑,4.1,2,2.44,1
1039,포몬스 건대점,4.1,2,2.44,1
1039,강릉집,4.1,2,2.44,1
1039,남촌막국수,4.1,2,2.44,1
1039,친밀,4.1,2,2.44,1
1039,이다,4.1,2,2.44,1
1039,토시토시,4.1,2,2.44,1
1039,스시수,4.1,2,2.44,1
1039,스시노백쉐프 홍대연남점,4.1,2,2.44,1
1039,오레노라멘 인사점,4.1,2,2.44,1
1039,쿄라멘,4.1,2,2.44,1
1039,오얏카츠,4.1,2,2.44,1
1039,덕후선생 판교아비뉴프랑,4.1,2,2.44,1
1039,청담옥,4.1,2,2.44,1
1039,가츠오 대치점,4.1,2,2.44,1
1039,스시센몬,4.1,2,2.44,1
1039,옐로우쿡,4.1,2,2.44,1
1039,돈가쓰살롱,4.1,2,2.44,1
1039,타무라,4.1,2,2.44,1
1039,미가라멘 평촌역점,4.1,2,2.44,1
1039,부자네토종순대국,4.1,2,2.44,1
1039,온마을,4.1,2,2.44,1
1039,그란구스또,4.1,2,2.44,1
1039,소확행차이나 호계점,4.1,2,2.44,1
1039,냐항in안국,4.1,2,2.44,1
1039,멘츠루,4.1,2,2.44,1
1039,홍시한정식,4.1,2,2.44,1
1039,마라품격,4.1,2,2.44,1
1039,안안,4.1,2,2.44,1
1039,송화산시도삭면 본점,4.1,2,2.44,1
1039,란반,4.1,2,2.44,1
1039,미분당 신촌2호점,4.1,2,2.44,1
1039,샤브향 분당야탑점,4.1,2,2.44,1
1039,월미당 경기광주점,4.1,2,2.44,1
1039,차이나궁,4.1,2,2.44,1
1039,청춘짬뽕,4.1,2,2.44,1
1039,땀땀 롯데백화점 본점,4.1,2,2.44,1
1039,샤브향 용인외대점,4.1,2,2.44,1
1039,마이산피순대 본점,4.1,2,2.44,1
1039,알로이타이,4.1,2,2.44,1
1039,늘해랑,4.1,2,2.44,1
1039,싸이공리,4.1,2,2.44,1
1039,송화강,4.1,2,2.44,1
1039,셀러브리티버거,4.1,2,2.44,1
1039,미쓰양꼬치,4.1,2,2.44,1
1039,파스타앤도우,4.1,2,2.44,1
1039,콘타이 명동점,4.1,2,2.44,1
1039,뷔자데 연남,4.1,2,2.44,1
1039,매운향솥,4.1,2,2.44,1
1039,아시안쿠진 경복궁점,4.1,2,2.44,1
1039,낭뜰에쉼팡,4.1,2,2.44,1
1039,알척,4.1,2,2.44,1
1039,천희양꼬치,4.1,2,2.44,1
1039,코하루,4.1,2,2.44,1
1039,비스트로도마,4.1,2,2.44,1
1039,GTS버거 평촌점,4.1,2,2.44,1
1039,스시소라 대치점,4.1,2,2.44,1
1039,중국관,4.1,2,2.44,1
1039,북촌연잎밥,4.1,2,2.44,1
1039,HDD판다라이스,4.1,2,2.44,1
1039,미분당 야탑점,4.1,2,2.44,1
1039,명동관,4.1,2,2.44,1
1039,오스테리아쟌니,4.1,2,2.44,1
1039,사월에보리밥 대치점,4.1,2,2.44,1
1039,깡촌흑돼지 함덕본점,4.1,2,2.44,1
1039,우리마키 성수점,4.1,2,2.44,1
1039,성수차이나,4.1,2,2.44,1
1039,불땡고기주는국수집 본점,4.1,2,2.44,1
1039,밀라노식당,4.1,2,2.44,1
1039,오름나그네,4.1,2,2.44,1
1039,갓잇 연남점,4.1,2,2.44,1
1039,보스버거,4.1,2,2.44,1
1039,피꿉,4.1,2,2.44,1
1039,규카츠정 성수점,4.1,2,2.44,1
1039,썸모어델리,4.1,2,2.44,1
1039,류가중식,4.1,2,2.44,1
1039,팟팟,4.1,2,2.44,1
1039,윤가우동 일도점,4.1,2,2.44,1
1039,하노이102,4.1,2,2.44,1
1039,준수방키친,4.1,2,2.44,1
1039,다운타우너 안국점,4.1,2,2.44,1
1039,중화복춘,4.1,2,2.44,1
1039,진양 회 앤 초밥,4.1,2,2.44,1
1039,굿손 춘천엔타점,4.1,2,2.44,1
1039,공탄,4.1,2,2.44,1
1039,돈까스타운,4.1,2,2.44,1
1039,판다딤섬,4.1,2,2.44,1
1039,서울멸치쌈밥,4.1,2,2.44,1
1039,타논55,4.1,2,2.44,1
1039,송탄햄버거 춘천점,4.1,2,2.44,1
1039,서촌김씨뜨라또리아,4.1,2,2.44,1
1039,한옥달,4.1,2,2.44,1
1039,교래퐁낭,4.1,2,2.44,1
1039,보문각,4.1,2,2.44,1
1039,은은,4.1,2,2.44,1
1039,가향,4.1,2,2.44,1
1039,크래버 대게나라 판교점,4.1,2,2.44,1
1039,미담,4.1,2,2.44,1
1039,당가원,4.1,2,2.44,1
1039,안집,4.1,2,2.44,1
1039,피자헛 춘천점,4.1,2,2.44,1
1039,별자리마라탕 홍대점,4.1,2,2.44,1
1039,락희안 가좌본점,4.1,2,2.44,1
1039,플랩잭팬트리 헤이춘천점,4.1,2,2.44,1
1039,이가탕수6 연남본점,4.1,2,2.44,1
1039,테이블아레테,4.1,2,2.44,1
1039,오늘산책,4.1,2,2.44,1
1039,미가해물탕찜,4.1,2,2.44,1
1039,꾸아 건대점,4.1,2,2.44,1
1039,미분당 평촌점,4.1,2,2.44,1
1039,닝교초식당 춘천명동점,4.1,2,2.44,1
1039,연교 2호점,4.1,2,2.44,1
1039,마구로참치,4.1,2,2.44,1
1039,2093하우스,4.1,2,2.44,1
1203,쌀국수공방 역삼점,4.0,2,2.4,1
1203,에머이 전북대점,4.0,2,2.4,1
1203,해올,4.0,2,2.4,1
1203,비스트로올,4.0,2,2.4,1
1203,꿉당 성수점,4.0,2,2.4,1
1203,포냐향,4.0,2,2.4,1
1203,삼화가츠우동,4.0,2,2.4,1
1203,성운,4.0,2,2.4,1
1203,메이빌 분당점,4.0,2,2.4,1
1203,중화정,4.0,2,2.4,1
1203,대오,4.0,2,2.4,1
1203,베트남쌀국수,4.0,2,2.4,1
1203,다모아 2호점,4.0,2,2.4,1
1203,외가집,4.0,2,2.4,1
1203,서울맛집,4.0,2,2.4,1
1203,그집짬뽕927 양정본점,4.0,2,2.4,1
1203,일레븐체스터필드웨이,4.0,2,2.4,1
1203,포보스,4.0,2,2.4,1
1203,갓잇 인덕원동편마을점,4.0,2,2.4,1
1203,일루오리,4.0,2,2.4,1
1203,청화접,4.0,2,2.4,1
1203,돈까스집,4.0,2,2.4,1
1203,포차나,4.0,2,2.4,1
1203,문득 연남점,4.0,2,2.4,1
1203,쿠시카츠쿠마,4.0,2,2.4,1
1203,진진참치,4.0,2,2.4,1
1203,리틀하노이 전주대점,4.0,2,2.4,1
1203,하늘닭갈비,4.0,2,2.4,1
1203,현담,4.0,2,2.4,1
1203,돔베초밥 아중점,4.0,2,2.4,1
1203,청자골,4.0,2,2.4,1
1203,우끼는짜장,4.0,2,2.4,1
1203,오일 성수,4.0,2,2.4,1
1203,차오프라야 전주혁신도시본점,4.0,2,2.4,1
1203,포가레,4.0,2,2.4,1
1203,도죠,4.0,2,2.4,1
1203,스팀하우스 관양점,4.0,2,2.4,1
1203,카리카츠,4.0,2,2.4,1
1203,슬럼덩크 수제버거,4.0,2,2.4,1
1203,진성옛날소머리국밥,4.0,2,2.4,1
1203,월강부산돼지국밥,4.0,2,2.4,1
1203,버거보이 성수낙낙점,4.0,2,2.4,1
1203,랄루차 정자점,4.0,2,2.4,1
1203,은화수식당 제주삼화점,4.0,2,2.4,1
1203,따씽,4.0,2,2.4,1
1203,플러스84,4.0,2,2.4,1
1203,잇타이플러스 롯데백화점 강남점,4.0,2,2.4,1
1203,형과아우 누룽지삼계탕&왕갈비탕 부산시청점,4.0,2,2.4,1
1203,오렌지나무,4.0,2,2.4,1
1203,화룡각,4.0,2,2.4,1
1203,후옹꾸안,4.0,2,2.4,1
1203,양정횟집,4.0,2,2.4,1
1203,박순옥밀면명가,4.0,2,2.4,1
1203,깜온,4.0,2,2.4,1
1203,홍대쌀국수 홍대놀이터점,4.0,2,2.4,1
1203,양지식당,4.0,2,2.4,1
1203,타이마실태국요리전문점,4.0,2,2.4,1
1203,서산댁파전,4.0,2,2.4,1
1203,딜라잇쌈 롯데백화점평촌점,4.0,2,2.4,1
1203,프랭크버거 안양호계점,4.0,2,2.4,1
1203,HDD,4.0,2,2.4,1
1203,라성천사,4.0,2,2.4,1
1203,고기만,4.0,2,2.4,1
1203,누이테이블,4.0,2,2.4,1
1203,타이가든 명동성당점,4.0,2,2.4,1
1203,황도바지락칼국수,4.0,2,2.4,1
1203,생생반점,4.0,2,2.4,1
1203,바우하우스,4.0,2,2.4,1
1203,아시안테이블,4.0,2,2.4,1
1203,오웰,4.0,2,2.4,1
1203,향나무세그루,4.0,2,2.4,1
1203,보글보글대구탕,4.0,2,2.4,1
1203,모도리식당스시 돈부리,4.0,2,2.4,1
1203,성수장,4.0,2,2.4,1
1203,야키토리미식서울,4.0,2,2.4,1
1203,가조쿠,4.0,2,2.4,1
1203,탕화쿵푸마라탕 경주점,4.0,2,2.4,1
1203,장가,4.0,2,2.4,1
1203,칙피스 성수점,4.0,2,2.4,1
1203,뽀짜이빤,4.0,2,2.4,1
1203,청어람,4.0,2,2.4,1
1203,구들장황소곱창,4.0,2,2.4,1
1203,중화요리 읍성,4.0,2,2.4,1
1203,월량관,4.0,2,2.4,1
1203,백록집,4.0,2,2.4,1
1203,일품,4.0,2,2.4,1
1203,구어봐양꼬치,4.0,2,2.4,1
1203,치히로 경기광주점,4.0,2,2.4,1
1203,조원,4.0,2,2.4,1
1203,메콩타이 수내점,4.0,2,2.4,1
1203,기후,4.0,2,2.4,1
1203,함덕그때그집,4.0,2,2.4,1
1203,웰컴차이나,4.0,2,2.4,1
1203,얼룩말식당 평촌점,4.0,2,2.4,1
1203,야마다야,4.0,2,2.4,1
1203,우한판,4.0,2,2.4,1
1203,저스트텐동 본점,4.0,2,2.4,1
1203,함흥냉면옥,4.0,2,2.4,1
1203,칸다소바 경복궁점,4.0,2,2.4,1
1203,히사시돈부리,4.0,2,2.4,1
1203,만나다공원,4.0,2,2.4,1
1203,청석가든,4.0,2,2.4,1
1203,관악관,4.0,2,2.4,1
1203,히우카우,4.0,2,2.4,1
1203,거북이의꿈 서촌점,4.0,2,2.4,1
1203,돈멜,4.0,2,2.4,1
1203,미치루,4.0,2,2.4,1
1203,다이닝스푼 혁신점,4.0,2,2.4,1
1203,황부정,4.0,2,2.4,1
1203,까폼 본점,4.0,2,2.4,1
1203,코이라멘 한티역점,4.0,2,2.4,1
1203,오마치슌,4.0,2,2.4,1
1203,심원,4.0,2,2.4,1
1203,탕화쿵푸마라탕 전북대점,4.0,2,2.4,1
1203,롤인익선,4.0,2,2.4,1
1203,위드구스토,4.0,2,2.4,1
1203,스시 역도산,4.0,2,2.4,1
1203,진어참치,4.0,2,2.4,1
1203,타이웍,4.0,2,2.4,1
1203,최고당돈가스 양정점,4.0,2,2.4,1
1203,신도세기 판교역점,4.0,2,2.4,1
1203,아띠참치초밥,4.0,2,2.4,1
1203,이태리부대찌개 선릉직영점,4.0,2,2.4,1
1203,비하인드스토리,4.0,2,2.4,1
1203,아따블르,4.0,2,2.4,1
1203,까델루뽀,4.0,2,2.4,1
1203,566라멘,4.0,2,2.4,1
1203,미트볼라운지 삼청점,4.0,2,2.4,1
1203,주식회사 미방 정자점,4.0,2,2.4,1
1203,소이연남,4.0,2,2.4,1
1203,고래짬뽕,4.0,2,2.4,1
1203,문가부추곱창,4.0,2,2.4,1
1203,장한반점,4.0,2,2.4,1
1203,강릉집 분당점,4.0,2,2.4,1
1203,수너베러,4.0,2,2.4,1
1203,실비막국수,4.0,2,2.4,1
1203,취옹,4.0,2,2.4,1
1203,홍이짬뽕,4.0,2,2.4,1
1203,금화왕돈까스 전주산정점,4.0,2,2.4,1
1203,함덕흑돼지연탄구이,4.0,2,2.4,1
1203,허디거디 이도점,4.0,2,2.4,1
1203,나짬뽕나요리,4.0,2,2.4,1
1203,중화일상 서현점,4.0,2,2.4,1
1203,초이다이닝 연남점,4.0,2,2.4,1
1203,넘버원양꼬치 야탑점,4.0,2,2.4,1
1203,블랙데이,4.0,2,2.4,1
1203,무리소 평촌점,4.0,2,2.4,1
1203,김뿌라 연남동본점,4.0,2,2.4,1
1203,백소정 선릉점,4.0,2,2.4,1
1203,김초생초,4.0,2,2.4,1
1203,포로이 대학로점,4.0,2,2.4,1
1203,칠프로칠백식당,4.0,2,2.4,1
1203,포옹남 홍대,4.0,2,2.4,1
1203,샤브향 경주황성점,4.0,2,2.4,1
1203,중국,4.0,2,2.4,1
1203,방콕66,4.0,2,2.4,1
1203,덕성관,4.0,2,2.4,1
1203,백리향,4.0,2,2.4,1
1203,미스터스시 정자점,4.0,2,2.4,1
1203,프롬하노이,4.0,2,2.4,1
1203,육분당,4.0,2,2.4,1
1203,탕화쿵푸,4.0,2,2.4,1
1203,여기풍천민물장어,4.0,2,2.4,1
1203,이름없는파스타 한티역점,4.0,2,2.4,1
1203,베트남쌀국수,4.0,2,2.4,1
1203,참치집,4.0,2,2.4,1
1203,스틸룸,4.0,2,2.4,1
1203,포삼팔 메세나폴리스점,4.0,2,2.4,1
1203,몽중헌 안국점,4.0,2,2.4,1
1203,우야꼬칼국수파전,4.0,2,2.4,1
1203,계륵장군 연남점,4.0,2,2.4,1
1203,스시료코,4.0,2,2.4,1
1203,태성관,4.0,2,2.4,1
1203,한술식당 프리미엄연남점,4.0,2,2.4,1
1203,스시하루,4.0,2,2.4,1
1203,크래버대게나라 안양점,4.0,2,2.4,1
1203,스시키라쿠,4.0,2,2.4,1
1203,피자헛 한티본점,4.0,2,2.4,1
1203,하남돼지집 성수역점,4.0,2,2.4,1
1203,메리블루,4.0,2,2.4,1
1203,시즈너,4.0,2,2.4,1
1203,선흘곶,4.0,2,2.4,1
1203,청양일초경주쭈꾸미,4.0,2,2.4,1
1203,방아깐,4.0,2,2.4,1
1203,블랙팬다이너,4.0,2,2.4,1
1203,콘부 연남,4.0,2,2.4,1
1203,호시,4.0,2,2.4,1
1203,가희당,4.0,2,2.4,1
1359,레이지라자냐,3.9,2,2.36,1
1359,불이아 본점,3.9,2,2.36,1
1359,진화라락 시청점,3.9,2,2.36,1
1359,DAO베트남쌀국수,3.9,2,2.36,1
1359,함덕중국집,3.9,2,2.36,1
1359,연교,3.9,2,2.36,1
1359,이화성,3.9,2,2.36,1
1359,여기런던,3.9,2,2.36,1
1359,메이플탑 팬케이크클럽,3.9,2,2.36,1
1359,이비가짬뽕 부산양정점,3.9,2,2.36,1
1359,호랑이굴 범계본점,3.9,2,2.36,1
1359,왕재,3.9,2,2.36,1
1359,안남,3.9,2,2.36,1
1359,연북정,3.9,2,2.36,1
1359,몰타참치,3.9,2,2.36,1
1359,멘야마쯔리 성수점,3.9,2,2.36,1
1359,그대만의 작은공간,3.9,2,2.36,1
1359,오사부양꼬치마라탕,3.9,2,2.36,1
1359,호랑이초밥,3.9,2,2.36,1
1359,오로지양꼬치,3.9,2,2.36,1
1359,싸얌타이,3.9,2,2.36,1
1359,스시노스시,3.9,2,2.36,1
1359,메이리,3.9,2,2.36,1
1359,훈,3.9,2,2.36,1
1359,초록원,3.9,2,2.36,1
1359,메콩타이 삼성역점,3.9,2,2.36,1
1359,포옹남,3.9,2,2.36,1
1359,가향 호계동점,3.9,2,2.36,1
1359,키와미 대치점,3.9,2,2.36,1
1359,부타이 1막,3.9,2,2.36,1
1359,고피자 대치본점,3.9,2,2.36,1
1359,꿈에그린짜장,3.9,2,2.36,1
1359,시우가든,3.9,2,2.36,1
1359,오팬파이어,3.9,2,2.36,1
1359,여수오동도,3.9,2,2.36,1
1359,우애돈카츠 연남점,3.9,2,2.36,1
1359,저팔계식당,3.9,2,2.36,1
1359,명륜진사갈비 춘천효자점,3.9,2,2.36,1
1359,천하제일솥뚜껑,3.9,2,2.36,1
1359,종로계림닭도리탕원조 연남점,3.9,2,2.36,1
1359,일미돼지국밥,3.9,2,2.36,1
1359,수제양정순대국집,3.9,2,2.36,1
1359,긴자료코 안양범계역점,3.9,2,2.36,1
1359,포몬스 압구정로데오점,3.9,2,2.36,1
1359,스시강,3.9,2,2.36,1
1359,이조바지락칼국수,3.9,2,2.36,1
1359,연남한양집,3.9,2,2.36,1
1359,오뚜기식품,3.9,2,2.36,1
1359,길운구락부 삼청점,3.9,2,2.36,1
1359,신장군마라탕,3.9,2,2.36,1
1359,우와 연남점,3.9,2,2.36,1
1359,전원집,3.9,2,2.36,1
1359,넘버원양꼬치 서촌점,3.9,2,2.36,1
1359,교래향,3.9,2,2.36,1
1359,오근내7닭갈비 성수낙낙점,3.9,2,2.36,1
1359,솔솥 성수점,3.9,2,2.36,1
1359,구름공장,3.9,2,2.36,1
1359,가와초밥,3.9,2,2.36,1
1359,하롱,3.9,2,2.36,1
1359,24시전주명가콩나물국밥,3.9,2,2.36,1
1359,스시누하,3.9,2,2.36,1
1359,노른자,3.9,2,2.36,1
1359,짱수양꼬치&짬뽕 정자3호점,3.9,2,2.36,1
1359,두오모 북스앤쿡스,3.9,2,2.36,1
1359,판동면옥,3.9,2,2.36,1
1359,중화루,3.9,2,2.36,1
1359,화붐신간짬뽕 분당직영점,3.9,2,2.36,1
1359,스미스가좋아하는테라스,3.9,2,2.36,1
1359,수아에피스,3.9,2,2.36,1
1359,홍차이나,3.9,2,2.36,1
1359,초밥에덴,3.9,2,2.36,1
1359,이가네양꼬치 수내점,3.9,2,2.36,1
1359,쭈꾸미도사 성수점,3.9,2,2.36,1
1359,참진짜장짬뽕 야탑점,3.9,2,2.36,1
1359,도원참치(평촌점),3.9,2,2.36,1
1359,이화돈까스,3.9,2,2.36,1
1359,모퉁이,3.9,2,2.36,1
1359,혜화동돈까스극장 안양평촌점,3.9,2,2.36,1
1359,진심,3.9,2,2.36,1
1359,사토루 더 서촌,3.9,2,2.36,1
1359,사계진미 야탑본점,3.9,2,2.36,1
1359,누하의숲,3.9,2,2.36,1
1359,이가네양꼬치 판교본점,3.9,2,2.36,1
1359,금암면옥 본점,3.9,2,2.36,1
1359,경복궁 평촌점,3.9,2,2.36,1
1359,혀기,3.9,2,2.36,1
1359,엘로코,3.9,2,2.36,1
1359,다포케 성수점,3.9,2,2.36,1
1359,부용,3.9,2,2.36,1
1359,포비엣콴,3.9,2,2.36,1
1359,베네쿠치,3.9,2,2.36,1
1359,스시아시타 송천,3.9,2,2.36,1
1359,메즈클라,3.9,2,2.36,1
1359,브루클린더버거조인트 카카오판교아지트,3.9,2,2.36,1
1359,반룡산,3.9,2,2.36,1
1359,양우정 판교점,3.9,2,2.36,1
1359,포포야어묵,3.9,2,2.36,1
1359,포아델,3.9,2,2.36,1
1359,서현궁 백현점,3.9,2,2.36,1
1359,뺀타이,3.9,2,2.36,1
1359,서울풍경,3.9,2,2.36,1
1359,대왕초밥,3.9,2,2.36,1
1359,라비떼,3.9,2,2.36,1
1359,사철갈매기,3.9,2,2.36,1
1359,엘비스텍,3.9,2,2.36,1
1359,비엣콴,3.9,2,2.36,1
1359,네코짱,3.9,2,2.36,1
1359,부원,3.9,2,2.36,1
1359,피자스쿨 춘천한림대점,3.9,2,2.36,1
1359,전주밥상다잡수소,3.9,2,2.36,1
1359,경주동,3.9,2,2.36,1
1359,세스크멘슬 본점,3.9,2,2.36,1
1359,미도인 성수,3.9,2,2.36,1
1359,뎁짜이,3.9,2,2.36,1
1359,굿갓레스토랑 성수역점,3.9,2,2.36,1
1359,오군수제돈까스 연남점,3.9,2,2.36,1
1359,담솥 성수점,3.9,2,2.36,1
1359,만족왕족발보쌈,3.9,2,2.36,1
1359,산갈래닭갈비 본점,3.9,2,2.36,1
1359,나쓰부,3.9,2,2.36,1
1359,경성양고기꼬치구이,3.9,2,2.36,1
1359,뜰향기,3.9,2,2.36,1
1359,구구양꼬치 전북대점,3.9,2,2.36,1
1482,진미반점,3.8,2,2.32,1
1482,마하차이,3.8,2,2.32,1
1482,참타이,3.8,2,2.32,1
1482,초원갈비,3.8,2,2.32,1
1482,빠완,3.8,2,2.32,1
1482,동해회집,3.8,2,2.32,1
1482,자연산횟집,3.8,2,2.32,1
1482,김판쇠전주우족탕 본점,3.8,2,2.32,1
1482,할매재첩국,3.8,2,2.32,1
1482,황제손짜장,3.8,2,2.32,1
1482,새만금,3.8,2,2.32,1
1482,조가네갑오징어 평촌본점,3.8,2,2.32,1
1482,인덕원우리수산,3.8,2,2.32,1
1482,신돈조선별관 본점,3.8,2,2.32,1
1482,금암동부대찌개 본점,3.8,2,2.32,1
1482,먹짜 전북대본점,3.8,2,2.32,1
1482,중화요리풍미,3.8,2,2.32,1
1482,베트남쌀국수퍼란,3.8,2,2.32,1
1482,치쿠린 전북대본점,3.8,2,2.32,1
1482,저팔계깡통연탄구이 본관,3.8,2,2.32,1
1482,대치정육식당 본점,3.8,2,2.32,1
1482,해이루 전북대본점,3.8,2,2.32,1
1482,몽중헌 대치점,3.8,2,2.32,1
1482,저스트텐동 전주만성점,3.8,2,2.32,1
1482,호성순대 본점,3.8,2,2.32,1
1482,포사이공,3.8,2,2.32,1
1482,두거리우신탕 본점,3.8,2,2.32,1
1482,마라차이즈,3.8,2,2.32,1
1482,이가네양꼬치 선릉점,3.8,2,2.32,1
1482,고운님 삼성역점,3.8,2,2.32,1
1482,원기옥,3.8,2,2.32,1
1482,진심왕돈까스 대치점,3.8,2,2.32,1
1482,긴자 인덕원점,3.8,2,2.32,1
1482,컬쳐드,3.8,2,2.32,1
1482,한양관양꼬치,3.8,2,2.32,1
1482,더스푼,3.8,2,2.32,1
1482,동천홍 미금점,3.8,2,2.32,1
1482,원조숯불닭불고기집,3.8,2,2.32,1
1482,7번가피자 함덕점,3.8,2,2.32,1
1482,담을솥,3.8,2,2.32,1
1482,우영야식,3.8,2,2.32,1
1482,명동산골닭갈비,3.8,2,2.32,1
1482,복성원,3.8,2,2.32,1
1482,루루중식당,3.8,2,2.32,1
1482,스시홍,3.8,2,2.32,1
1482,백소정 범계역점,3.8,2,2.32,1
1482,째즈앤라멘,3.8,2,2.32,1
1482,구삼반점,3.8,2,2.32,1
1482,제주국수,3.8,2,2.32,1
1482,땅코참숯구이 성수직영점,3.8,2,2.32,1
1482,도우개러지,3.8,2,2.32,1
1482,유촌참치마을 서현점,3.8,2,2.32,1
1482,고쿠텐,3.8,2,2.32,1
1482,다이호시,3.8,2,2.32,1
1482,몽중헌 판교점,3.8,2,2.32,1
1482,후라토식당 아브뉴프랑판교,3.8,2,2.32,1
1482,대장장이화덕피자,3.8,2,2.32,1
1482,명륜진사갈비 광주역동점,3.8,2,2.32,1
1482,제주인짬뽕 삼화점,3.8,2,2.32,1
1482,훠궈나라 홍대점,3.8,2,2.32,1
1482,짬뽕위에더짬뽕 연남점,3.8,2,2.32,1
1482,산타루치아,3.8,2,2.32,1
1482,금성문,3.8,2,2.32,1
1482,미스사이공 춘천온의동점,3.8,2,2.32,1
1482,동보성,3.8,2,2.32,1
1482,곰표반점 함덕점,3.8,2,2.32,1
1482,송촌초밥,3.8,2,2.32,1
1482,편의방,3.8,2,2.32,1
1482,콩지POT지,3.8,2,2.32,1
1482,해모둠,3.8,2,2.32,1
1482,미분당,3.8,2,2.32,1
1482,분분 안양동편마을점,3.8,2,2.32,1
1482,비스트로테이스티 레스토랑,3.8,2,2.32,1
1482,오륙도횟집,3.8,2,2.32,1
1482,전주감자탕해장국 광주점,3.8,2,2.32,1
1482,멘시루 춘천점,3.8,2,2.32,1
1482,닝교초식당 춘천후평점,3.8,2,2.32,1
1482,키햐아 연남점,3.8,2,2.32,1
1482,The94,3.8,2,2.32,1
1482,대찬낙지,3.8,2,2.32,1
1482,쌀국수반가&베트남포차,3.8,2,2.32,1
1482,대낚식당 성수직영점,3.8,2,2.32,1
1482,마초야 수내,3.8,2,2.32,1
1482,당가원 안양비산점,3.8,2,2.32,1
1482,오야짬뽕,3.8,2,2.32,1
1482,란주천면관,3.8,2,2.32,1
1482,메콩타이 정자본점,3.8,2,2.32,1
1482,제주돈사돈 인덕원점,3.8,2,2.32,1
1482,사이공본가 오리역점,3.8,2,2.32,1
1482,타임포타이,3.8,2,2.32,1
1482,계동집,3.8,2,2.32,1
1482,퍄오량,3.8,2,2.32,1
1482,나이스두잉 버거샵,3.8,2,2.32,1
1482,카카모루 성수점,3.8,2,2.32,1
1482,반쿤콴 비케이케이,3.8,2,2.32,1
1482,흐엉관,3.8,2,2.32,1
1482,사이공본가 포스코사거리점,3.8,2,2.32,1
1482,에머이 한티점,3.8,2,2.32,1
1482,놉스 삼성점,3.8,2,2.32,1
1482,명동찌개마을 양정직영2호점,3.8,2,2.32,1
1482,72420,3.8,2,2.32,1
1482,진수삼촌,3.8,2,2.32,1
1482,파크하얏트 서울 코너스톤,3.8,2,2.32,1
1482,타임포타이,3.8,2,2.32,1
1482,어메이징농카이,3.8,2,2.32,1
1482,골든리지 시청점,3.8,2,2.32,1
1482,플롭 연남,3.8,2,2.32,1
1482,스시쿠리,3.8,2,2.32,1
1482,닭한마리,3.8,2,2.32,1
1482,돈파스타,3.8,2,2.32,1
1482,영카츠 대치본점,3.8,2,2.32,1
1482,기소야 경주점,3.8,2,2.32,1
1482,하오마라,3.8,2,2.32,1
1482,인덕원원시쪽갈비 본점,3.8,2,2.32,1
1482,쏘렐라 1호점,3.8,2,2.32,1
1482,만정,3.8,2,2.32,1
1482,아하수타왕돈까스,3.8,2,2.32,1
1482,파파라구,3.8,2,2.32,1
1482,화평루,3.8,2,2.32,1
1482,전통숯불꼼장어 소갈비살,3.8,2,2.32,1
1482,삼청동김치찌개,3.8,2,2.32,1
1482,스시선 광주점,3.8,2,2.32,1
1482,슈퍼타이 그레이츠판교점,3.8,2,2.32,1
1482,세렌,3.8,2,2.32,1
1592,강쉐프짬뽕,3.7,2,2.2800000000000002,1
1592,신세계푸드 테스트키친,3.7,2,2.2800000000000002,1
1592,햇살가득돌담집,3.7,2,2.2800000000000002,1
1592,강릉짬뽕순두부 광주점,3.7,2,2.2800000000000002,1
1592,목구멍 경기광주점,3.7,2,2.2800000000000002,1
1592,오엔엘,3.7,2,2.2800000000000002,1
1592,수복참치,3.7,2,2.2800000000000002,1
1592,뉴욕버거 제주삼화점,3.7,2,2.2800000000000002,1
1592,홍참치,3.7,2,2.2800000000000002,1
1592,동경,3.7,2,2.2800000000000002,1
1592,피자스테이션,3.7,2,2.2800000000000002,1
1592,1's 카츠곳간 성수낙낙점,3.7,2,2.2800000000000002,1
1592,요모야,3.7,2,2.2800000000000002,1
1592,치엔롱,3.7,2,2.2800000000000002,1
1592,해월양꼬치,3.7,2,2.2800000000000002,1
1592,중화반점,3.7,2,2.2800000000000002,1
1592,황금성반점,3.7,2,2.2800000000000002,1
1592,춘천숯불닭갈비 중앙로점,3.7,2,2.2800000000000002,1
1592,시미즈,3.7,2,2.2800000000000002,1
1592,돈까스전문점LA 경주본점,3.7,2,2.2800000000000002,1
1592,팔각도 성수역점,3.7,2,2.2800000000000002,1
1592,능동미나리 성수점,3.7,2,2.2800000000000002,1
1592,세밀,3.7,2,2.2800000000000002,1
1592,영식이네짜장,3.7,2,2.2800000000000002,1
1592,리틀사이공 압구정본점,3.7,2,2.2800000000000002,1
1592,동보성 강남점,3.7,2,2.2800000000000002,1
1592,전주비빔소리,3.7,2,2.2800000000000002,1
1592,정선한우,3.7,2,2.2800000000000002,1
1592,무궁화한정식,3.7,2,2.2800000000000002,1
1592,육화몽 서현점,3.7,2,2.2800000000000002,1
1592,웰빙새알팥죽,3.7,2,2.2800000000000002,1
1592,보배반점 대치점,3.7,2,2.2800000000000002,1
1592,청국장서갈비,3.7,2,2.2800000000000002,1
1592,발리인망원,3.7,2,2.2800000000000002,1
1592,포36거리 홍대점,3.7,2,2.2800000000000002,1
1592,한옥집,3.7,2,2.2800000000000002,1
1592,삼방매,3.7,2,2.2800000000000002,1
1592,붓처스컷 아브뉴프랑 판교점,3.7,2,2.2800000000000002,1
1592,북촌막국수,3.7,2,2.2800000000000002,1
1592,서현실비,3.7,2,2.2800000000000002,1
1592,더레스토랑,3.7,2,2.2800000000000002,1
1592,포브라더스 도곡점,3.7,2,2.2800000000000002,1
1592,리틀파파포 연남점,3.7,2,2.2800000000000002,1
1592,하송회초밥,3.7,2,2.2800000000000002,1
1592,홍영재장수청국장 삼성점,3.7,2,2.2800000000000002,1
1592,도토미,3.7,2,2.2800000000000002,1
1592,포항물회,3.7,2,2.2800000000000002,1
1592,부산복칼국수,3.7,2,2.2800000000000002,1
1592,쓰리파운드,3.7,2,2.2800000000000002,1
1592,중심 종로,3.7,2,2.2800000000000002,1
1592,탕화쿵푸마라탕 대치점,3.7,2,2.2800000000000002,1
1592,해담채 삼성점,3.7,2,2.2800000000000002,1
1592,로마네꽁띠,3.7,2,2.2800000000000002,1
1592,안래홍,3.7,2,2.2800000000000002,1
1592,성경만두요리전문점 평촌점,3.7,2,2.2800000000000002,1
1592,홍성원 본점,3.7,2,2.2800000000000002,1
1592,더키친일뽀르노 광화문점,3.7,2,2.2800000000000002,1
1592,스시팡,3.7,2,2.2800000000000002,1
1592,다채로움월남쌈,3.7,2,2.2800000000000002,1
1592,그집보쌈 칼국수,3.7,2,2.2800000000000002,1
1592,마이에마스,3.7,2,2.2800000000000002,1
1592,마마스포,3.7,2,2.2800000000000002,1
1592,젠틀키친,3.7,2,2.2800000000000002,1
1592,코지하우스 부산시민공원점,3.7,2,2.2800000000000002,1
1592,스낵서울,3.7,2,2.2800000000000002,1
1592,우설화 판교점,3.7,2,2.2800000000000002,1
1592,양정대패 본점,3.7,2,2.2800000000000002,1
1592,짬뽕명가,3.7,2,2.2800000000000002,1
1592,시골여행,3.7,2,2.2800000000000002,1
1592,에머이 종로본점,3.7,2,2.2800000000000002,1
1592,인사타이by잇타이플러스,3.7,2,2.2800000000000002,1
1592,헤비스테이크 안국역점,3.7,2,2.2800000000000002,1
1592,아이자와,3.7,2,2.2800000000000002,1
1592,탕화쿵푸마라탕,3.7,2,2.2800000000000002,1
1592,경성양꼬치 연남직영점,3.7,2,2.2800000000000002,1
1592,마라공방 판교점,3.7,2,2.2800000000000002,1
1592,짬뽕지존 오리역점,3.7,2,2.2800000000000002,1
1592,짬뽕관 전주금암점,3.7,2,2.2800000000000002,1
1592,VIP참치 종로구청점,3.7,2,2.2800000000000002,1
1592,카츠젠 대치점,3.7,2,2.2800000000000002,1
1592,상해소흘,3.7,2,2.2800000000000002,1
1592,최사장네닭,3.7,2,2.2800000000000002,1
1592,라멘보루도,3.7,2,2.2800000000000002,1
1592,미미마라 전주본점,3.7,2,2.2800000000000002,1
1592,도쿄등심 선릉점,3.7,2,2.2800000000000002,1
1592,니고라멘,3.7,2,2.2800000000000002,1
1592,블루샹하이,3.7,2,2.2800000000000002,1
1592,크리스탈제이드 광화문상하이팰리스점,3.7,2,2.2800000000000002,1
1592,효뜨꽌,3.7,2,2.2800000000000002,1
1592,짬뽕지존 덕진점,3.7,2,2.2800000000000002,1
1592,달인참치,3.7,2,2.2800000000000002,1
1592,솔밭삼겹살해장국,3.7,2,2.2800000000000002,1
1592,샤슬릭,3.7,2,2.2800000000000002,1
1592,경양카츠 연남본점,3.7,2,2.2800000000000002,1
1592,라화쿵부 대치점,3.7,2,2.2800000000000002,1
1592,미스사이공 대학로점,3.7,2,2.2800000000000002,1
1690,오성양꼬치,3.6,2,2.24,1
1690,쥰스시 평촌점,3.6,2,2.24,1
1690,라무진 성수점,3.6,2,2.24,1
1690,우루루 범계점,3.6,2,2.24,1
1690,부탄츄 선릉점,3.6,2,2.24,1
1690,명보성,3.6,2,2.24,1
1690,장군암소숯불,3.6,2,2.24,1
1690,포담,3.6,2,2.24,1
1690,까몬 판교아브뉴프랑점,3.6,2,2.24,1
1690,탄벌진짜루,3.6,2,2.24,1
1690,사이공본가 야탑점,3.6,2,2.24,1
1690,거구장,3.6,2,2.24,1
1690,초밥사랑,3.6,2,2.24,1
1690,홈보이서울,3.6,2,2.24,1
1690,정참치,3.6,2,2.24,1
1690,편안한집,3.6,2,2.24,1
1690,차알 광화문점,3.6,2,2.24,1
1690,감미옥,3.6,2,2.24,1
1690,미성양꼬치 판교점,3.6,2,2.24,1
1690,취영루,3.6,2,2.24,1
1690,베트남생쌀국수,3.6,2,2.24,1
1690,명품조박사짬뽕짜장,3.6,2,2.24,1
1690,조부자매운순대가 명동점,3.6,2,2.24,1
1690,화양연화,3.6,2,2.24,1
1690,미각양꼬치 서현점,3.6,2,2.24,1
1690,촙촙,3.6,2,2.24,1
1690,카발,3.6,2,2.24,1
1690,맛있는초밥집 정자본점,3.6,2,2.24,1
1690,백마강참숯민물장어 판교점,3.6,2,2.24,1
1690,그래도스시,3.6,2,2.24,1
1690,존쿡X메디쏠라 정자점,3.6,2,2.24,1
1690,마음을담아내면,3.6,2,2.24,1
1690,내뜨락,3.6,2,2.24,1
1690,마토네,3.6,2,2.24,1
1690,상무초밥 평촌역점,3.6,2,2.24,1
1690,낭만식당 범계점,3.6,2,2.24,1
1690,육쌈냉면,3.6,2,2.24,1
1690,호랑이도삭면 광화문,3.6,2,2.24,1
1690,벨라로사,3.6,2,2.24,1
1690,바스버거 판교테크노밸리점,3.6,2,2.24,1
1690,긴자카레,3.6,2,2.24,1
1690,어라운드마켓,3.6,2,2.24,1
1690,브릭스피자,3.6,2,2.24,1
1690,송강제면소,3.6,2,2.24,1
1690,블루메쯔 분당수내점,3.6,2,2.24,1
1690,풍천수라간,3.6,2,2.24,1
1690,펠리스산쵸 정자에피소드1,3.6,2,2.24,1
1690,오리지널팬케이크하우스 판교점,3.6,2,2.24,1
1690,코다리밥상 이매점,3.6,2,2.24,1
1690,죽림식당,3.6,2,2.24,1
1690,달구벌반점,3.6,2,2.24,1
1690,의령한우소국밥 본점,3.6,2,2.24,1
1690,진화쿵푸마라탕 홍대본점,3.6,2,2.24,1
1690,함덕뜰채횟집,3.6,2,2.24,1
1690,피르다브스,3.6,2,2.24,1
1690,원시쪽갈비 동편마을본점,3.6,2,2.24,1
1690,미스사이공 신촌역점,3.6,2,2.24,1
1690,이억만껍데기,3.6,2,2.24,1
1690,성미가든,3.6,2,2.24,1
1690,뉴오더클럽,3.6,2,2.24,1
1690,신동궁감자탕뼈숯불구이 선릉직영점,3.6,2,2.24,1
1690,미미램양꼬치,3.6,2,2.24,1
1690,부들파이터 전포본점,3.6,2,2.24,1
1690,남부식당 인덕원점,3.6,2,2.24,1
1690,곤로,3.6,2,2.24,1
1690,갑기회관,3.6,2,2.24,1
1690,까사이태리아,3.6,2,2.24,1
1690,국고집,3.6,2,2.24,1
1690,고치비,3.6,2,2.24,1
1690,철가방,3.6,2,2.24,1
1690,두거리우신탕 혁신점,3.6,2,2.24,1
1690,라이라이,3.6,2,2.24,1
1690,은희네해장국 함덕점,3.6,2,2.24,1
1690,칠돈가 함덕흑돼지,3.6,2,2.24,1
1690,딸랏,3.6,2,2.24,1
1690,툭툭누들타이,3.6,2,2.24,1
1690,더담다 전북대본점,3.6,2,2.24,1
1690,남도사계고운님,3.6,2,2.24,1
1690,포메인 전주도청점,3.6,2,2.24,1
1690,두번째늘해랑,3.6,2,2.24,1
1690,봉개해아름반점,3.6,2,2.24,1
1690,미니아양꼬치,3.6,2,2.24,1
1690,정가네합천돼지국밥,3.6,2,2.24,1
1690,코리아식당,3.6,2,2.24,1
1690,하노이안브라더스,3.6,2,2.24,1
1690,안동장,3.6,2,2.24,1
1690,양들의침묵 범계점,3.6,2,2.24,1
1690,취원 본점,3.6,2,2.24,1
1690,마하차이 서울숲점,3.6,2,2.24,1
1690,봉쥬르밥상,3.6,2,2.24,1
1690,이안초밥,3.6,2,2.24,1
1690,왕왕,3.6,2,2.24,1
1690,랄라루들 사러가마트점,3.6,2,2.24,1
1690,진진,3.6,2,2.24,1
1690,리틀포레스트,3.6,2,2.24,1
1690,아뜨뜨,3.6,2,2.24,1
1690,평화연남,3.6,2,2.24,1
1690,한송정,3.6,2,2.24,1
1690,라타볼라,3.6,2,2.24,1
1690,미분당 건대점,3.6,2,2.24,1
1796,손오공마라탕 동교점,3.5,2,2.2,1
1796,장모밥상,3.5,2,2.2,1
1796,삼육가 야탑점,3.5,2,2.2,1
1796,오복수산 연남점,3.5,2,2.2,1
1796,서울감자탕 정자1호점,3.5,2,2.2,1
1796,람바다,3.5,2,2.2,1
1796,정통춘천닭갈비,3.5,2,2.2,1
1796,이품,3.5,2,2.2,1
1796,산왕반점 연남동본점,3.5,2,2.2,1
1796,일상화식 성수본점,3.5,2,2.2,1
1796,벱비엣 을지로본점,3.5,2,2.2,1
1796,삼양돈까스,3.5,2,2.2,1
1796,라무진 연남점,3.5,2,2.2,1
1796,차엔,3.5,2,2.2,1
1796,경성양꼬치1,3.5,2,2.2,1
1796,유치회관 분당직영점,3.5,2,2.2,1
1796,신승반점 현대백화점판교점,3.5,2,2.2,1
1796,레드썬셋,3.5,2,2.2,1
1796,황금손가락 삼화점,3.5,2,2.2,1
1796,리춘시장 연남점,3.5,2,2.2,1
1796,을지깐깐 을지로본점,3.5,2,2.2,1
1796,탕화쿵푸마라탕,3.5,2,2.2,1
1796,회영루,3.5,2,2.2,1
1796,리파인,3.5,2,2.2,1
1796,슬런치팩토리 연남점,3.5,2,2.2,1
1796,사람사는고깃집김일도 성수점,3.5,2,2.2,1
1796,소온테이블,3.5,2,2.2,1
1796,더맨타코 인덕원점,3.5,2,2.2,1
1796,제주한면가,3.5,2,2.2,1
1796,조군등갈비,3.5,2,2.2,1
1796,코다리명가 평촌역점,3.5,2,2.2,1
1796,인덕신사또 통족발보쌈,3.5,2,2.2,1
1796,준식당 범계점,3.5,2,2.2,1
1796,인덕원비빔국수 안양본점,3.5,2,2.2,1
1796,세미식당,3.5,2,2.2,1
1796,여자수산,3.5,2,2.2,1
1796,밀피유 평촌점,3.5,2,2.2,1
1796,호랑이카레 북촌본점,3.5,2,2.2,1
1796,만리장성,3.5,2,2.2,1
1796,이비가짬뽕 광주송정점,3.5,2,2.2,1
1796,도라보울,3.5,2,2.2,1
1796,진가와 광화문점,3.5,2,2.2,1
1796,용성각,3.5,2,2.2,1
1796,로봇초밥마켓 광주리첸시아점,3.5,2,2.2,1
1796,프랭크버거 범계역점,3.5,2,2.2,1
1796,천향록,3.5,2,2.2,1
1796,콩심 광주경안점,3.5,2,2.2,1
1796,부산생돌곱창,3.5,2,2.2,1
1796,강남면옥 분당점,3.5,2,2.2,1
1796,꿀밥상,3.5,2,2.2,1
1796,교동짬뽕 제주,3.5,2,2.2,1
1796,홍콩미각,3.5,2,2.2,1
1796,미분당 합정점,3.5,2,2.2,1
1796,솔밭,3.5,2,2.2,1
1796,봉피양 분당점,3.5,2,2.2,1
1796,24시전주명가콩나물국밥 서울성수점,3.5,2,2.2,1
1796,르꼬숑,3.5,2,2.2,1
1796,황생가칼국수,3.5,2,2.2,1
1796,더맛있는족발보쌈 미금점,3.5,2,2.2,1
1796,심플리타이 연남점,3.5,2,2.2,1
1796,함지레스토랑,3.5,2,2.2,1
1796,바음식당,3.5,2,2.2,1
1796,하이퐁관,3.5,2,2.2,1
1796,베트남쌀국수사이공본가 금정점,3.5,2,2.2,1
1796,꽃누리들밥 경복궁점,3.5,2,2.2,1
1796,다락정,3.5,2,2.2,1
1796,먹보한우생고기전문점 분당점,3.5,2,2.2,1
1796,판교초밥,3.5,2,2.2,1
1796,이선생 중화반점,3.5,2,2.2,1
1796,비비,3.5,2,2.2,1
1796,판교매일식당 판교본점,3.5,2,2.2,1
1796,금암소바,3.5,2,2.2,1
1796,카토멘 대치본점,3.5,2,2.2,1
1796,산이솔이야,3.5,2,2.2,1
1796,송천참옻닭,3.5,2,2.2,1
1796,대찬횟집,3.5,2,2.2,1
1796,컨트리맨즈 서면점,3.5,2,2.2,1
1796,작은동경,3.5,2,2.2,1
1796,삿뽀로 판교점,3.5,2,2.2,1
1796,팀 전북대점,3.5,2,2.2,1
1796,파이어벨 대치점,3.5,2,2.2,1
1796,어심,3.5,2,2.2,1
1796,슈퍼타이 판교테크노밸리점,3.5,2,2.2,1
1796,버터핑거팬케익스 정자동점,3.5,2,2.2,1
1796,진수사,3.5,2,2.2,1
1796,인더비엣 야탑직영점,3.5,2,2.2,1
1796,파레스토랑,3.5,2,2.2,1
1796,마라의신 대치점,3.5,2,2.2,1
1796,스완양분식 시청점,3.5,2,2.2,1
1796,포이스트 전주혁신점,3.5,2,2.2,1
1796,화전국수,3.5,2,2.2,1
1796,칠리향마라탕 대치2호점,3.5,2,2.2,1
1796,하오방 부산직영점,3.5,2,2.2,1
1796,라스토리아1001,3.5,2,2.2,1
1796,텐동식당,3.5,2,2.2,1
1796,초원농원 양정점,3.5,2,2.2,1
1796,목란중화요리 전주혁신점,3.5,2,2.2,1
1796,고엔스시,3.5,2,2.2,1
1796,노브랜드피자 대치점,3.5,2,2.2,1
1796,스시야,3.5,2,2.2,1
1796,포메인 서울숲점,3.5,2,2.2,1
1796,중국성 송천점,3.5,2,2.2,1
1796,닐리 대치점,3.5,2,2.2,1
1796,아구본가첨벙 대치점,3.5,2,2.2,1
1796,봉피양 대치점,3.5,2,2.2,1
1796,까폼 현대백화점 판교점,3.5,2,2.2,1
1796,경춘반점,3.5,2,2.2,1
1796,주인공,3.5,2,2.2,1
1796,솔솥 분당야탑점,3.5,2,2.2,1
1796,동네롤집,3.5,2,2.2,1
1796,유가반점,3.5,2,2.2,1
1796,스시혼 판교본점,3.5,2,2.2,1
1901,베이징코야,3.4,2,2.16,1
1901,울프스덴,3.4,2,2.16,1
1901,그래니살룬,3.4,2,2.16,1
1901,간바지식당,3.4,2,2.16,1
1901,낙원타코 서현점,3.4,2,2.16,1
1901,파전닭갈비,3.4,2,2.16,1
1901,채운,3.4,2,2.16,1
1901,빈체로,3.4,2,2.16,1
1901,상린,3.4,2,2.16,1
1901,까사,3.4,2,2.16,1
1901,하와이식당,3.4,2,2.16,1
1901,토라식당,3.4,2,2.16,1
1901,한송양식당,3.4,2,2.16,1
1901,자유참치,3.4,2,2.16,1
1901,금용문,3.4,2,2.16,1
1901,우마텐 텐동,3.4,2,2.16,1
1901,스시노칸도 범계역점,3.4,2,2.16,1
1901,포베이 제주이도점,3.4,2,2.16,1
1901,살라타이,3.4,2,2.16,1
1901,오늘초밥,3.4,2,2.16,1
1901,홍복성,3.4,2,2.16,1
1901,호가양꼬치 직영5호점,3.4,2,2.16,1
1901,육전국밥 성수역점,3.4,2,2.16,1
1901,스시사와,3.4,2,2.16,1
1901,부엉이식당,3.4,2,2.16,1
1901,돈까스클럽 분당금곡점,3.4,2,2.16,1
1901,복어촌 평촌역점,3.4,2,2.16,1
1901,샤브향 중화산점,3.4,2,2.16,1
1901,계동피자,3.4,2,2.16,1
1901,산쪼메 전북대점,3.4,2,2.16,1
1901,이태리총각,3.4,2,2.16,1
1901,홍정기참치,3.4,2,2.16,1
1901,청년피자 화북삼화점,3.4,2,2.16,1
1901,도야짬뽕 인후우아점,3.4,2,2.16,1
1901,즐겨찿기,3.4,2,2.16,1
1901,후스테이블,3.4,2,2.16,1
1901,삼양백년짜장,3.4,2,2.16,1
1901,성완각,3.4,2,2.16,1
1901,전설의짬뽕 조천점,3.4,2,2.16,1
1901,고래힘줄,3.4,2,2.16,1
1901,진짜루,3.4,2,2.16,1
1901,홍콩반점0410 전북대점,3.4,2,2.16,1
1901,바다회사랑,3.4,2,2.16,1
1901,당산오돌 대치점,3.4,2,2.16,1
1901,신마라본색 삼화점,3.4,2,2.16,1
1901,한국관 본점,3.4,2,2.16,1
1901,고궁 전주본점,3.4,2,2.16,1
1901,플로라 삼청점,3.4,2,2.16,1
1901,채원,3.4,2,2.16,1
1901,길 세이로무시 시청본점,3.4,2,2.16,1
1901,오스테리아소띠,3.4,2,2.16,1
1901,장수천한방민물장어숯불구이 안양점,3.4,2,2.16,1
1901,청화당 롯데백화점 강남점,3.4,2,2.16,1
1901,칠리향마라탕 대치점,3.4,2,2.16,1
1901,비산누룽지백숙,3.4,2,2.16,1
1901,까사아지오,3.4,2,2.16,1
1901,섬나루바지락칼국수 안양인덕원본점,3.4,2,2.16,1
1901,핸더 에코시티점,3.4,2,2.16,1
1901,옛골감자탕뼈다귀,3.4,2,2.16,1
1901,이태리재,3.4,2,2.16,1
1901,전주옥 본점,3.4,2,2.16,1
1901,피자스쿨 전주덕진구청점,3.4,2,2.16,1
1901,방콕익스프레스 신촌본점,3.4,2,2.16,1
1901,콘타이,3.4,2,2.16,1
1901,타이인플레이트 사근본점,3.4,2,2.16,1
1901,호야짬뽕1650 시청점,3.4,2,2.16,1
1901,양과창양평해장국 본점,3.4,2,2.16,1
1901,소이연남 AK플라자 분당점,3.4,2,2.16,1
1901,타마린드 디타워점,3.4,2,2.16,1
1901,호랑이카츠,3.4,2,2.16,1
1901,사이공,3.4,2,2.16,1
1901,미스사이공 익선점,3.4,2,2.16,1
1901,주누돈까스냉면,3.4,2,2.16,1
1901,평양면옥 분당점,3.4,2,2.16,1
1901,1973우육면관,3.4,2,2.16,1
1901,보배반점 야탑직영점,3.4,2,2.16,1
1901,사위식당 서현점,3.4,2,2.16,1
1901,라화방마라탕 본점직영6호점,3.4,2,2.16,1
1901,리틀파파포 명동점,3.4,2,2.16,1
1901,전국5대짬뽕연화산,3.4,2,2.16,1
1901,장수천한방민물장어 분당본점,3.4,2,2.16,1
1901,코이라멘 지로2호점,3.4,2,2.16,1
1901,탕화쿵푸마라탕,3.4,2,2.16,1
1901,꼰떼넨떼,3.4,2,2.16,1
1901,아르틴,3.4,2,2.16,1
1901,다낭월남쌈,3.4,2,2.16,1
1901,프랭크버거 선릉역점,3.4,2,2.16,1
1901,스시쿤 정자점,3.4,2,2.16,1
1901,그집,3.4,2,2.16,1
1901,영덕강구항,3.4,2,2.16,1
1901,오복수산시장,3.4,2,2.16,1
1901,보배반점 성수점,3.4,2,2.16,1
1901,그집,3.4,2,2.16,1
1901,긴자 판교점,3.4,2,2.16,1
1901,왕노가,3.4,2,2.16,1
1901,오스테리아 워모잡,3.4,2,2.16,1
1901,쿠치나 디 까사,3.4,2,2.16,1
1901,바오 서울,3.4,2,2.16,1
1992,마라쿵푸,3.3,2,2.12,1
1992,이비가짬뽕 강원춘천점,3.3,2,2.12,1
1992,햄바라기수제햄부대찌개 평촌본점,3.3,2,2.12,1
1992,송도갈비 안양점,3.3,2,2.12,1
1992,샹츠마라 춘천점,3.3,2,2.12,1
1992,상하이 호계점,3.3,2,2.12,1
1992,원조곱창,3.3,2,2.12,1
1992,긴자 백현점,3.3,2,2.12,1
1992,화연각,3.3,2,2.12,1
1992,신룽푸마라탕,3.3,2,2.12,1
1992,스시산원 궁,3.3,2,2.12,1
1992,스시어왕 태전본점,3.3,2,2.12,1
1992,미니하이보 대치점,3.3,2,2.12,1
1992,장수옥,3.3,2,2.12,1
1992,신월,3.3,2,2.12,1
1992,은설설렁탕,3.3,2,2.12,1
1992,장비루,3.3,2,2.12,1
1992,즉석교동짬뽕,3.3,2,2.12,1
1992,홍콩반점0410 선릉역점,3.3,2,2.12,1
1992,봉자마라탕,3.3,2,2.12,1
1992,루스트플레이스 함덕해수욕장점,3.3,2,2.12,1
1992,호랑이선생,3.3,2,2.12,1
1992,쟈스민,3.3,2,2.12,1
1992,램맨양꼬치,3.3,2,2.12,1
1992,무거버거,3.3,2,2.12,1
1992,서대문양꼬치BAR,3.3,2,2.12,1
1992,송가네감자탕,3.3,2,2.12,1
1992,백자원,3.3,2,2.12,1
1992,스시고산,3.3,2,2.12,1
1992,우리밀동우 2호점,3.3,2,2.12,1
1992,이비가짬뽕 전주금암점,3.3,2,2.12,1
1992,해상,3.3,2,2.12,1
1992,황금손가락 함덕점,3.3,2,2.12,1
1992,꾼짬뽕,3.3,2,2.12,1
1992,신덕일관,3.3,2,2.12,1
1992,조개천국,3.3,2,2.12,1
1992,춘천산더덕숯불닭갈비,3.3,2,2.12,1
1992,모노끼 야탑본점,3.3,2,2.12,1
1992,다래향,3.3,2,2.12,1
1992,목란,3.3,2,2.12,1
1992,아오리라멘 전주만성점,3.3,2,2.12,1
1992,소문난바지락칼국수,3.3,2,2.12,1
1992,옹기해장국설렁탕,3.3,2,2.12,1
1992,다이닝원 분당점,3.3,2,2.12,1
1992,이가월남쌀국수 양정점,3.3,2,2.12,1
1992,리스토란테 콜리 송천점,3.3,2,2.12,1
1992,스미스가 좋아하는 한옥,3.3,2,2.12,1
1992,테니,3.3,2,2.12,1
1992,프렌즈클럽,3.3,2,2.12,1
1992,맛있는초밥집,3.3,2,2.12,1
1992,최고집짬뽕,3.3,2,2.12,1
1992,고메고매 선릉본점,3.3,2,2.12,1
1992,오징어풍경,3.3,2,2.12,1
1992,청계산수타,3.3,2,2.12,1
1992,고반식당 선릉점,3.3,2,2.12,1
1992,쿠히치,3.3,2,2.12,1
1992,늘채움,3.3,2,2.12,1
1992,홍운장,3.3,2,2.12,1
1992,참치정육점 제주지사,3.3,2,2.12,1
1992,은행골 평촌점,3.3,2,2.12,1
1992,후쿠오카함바그 롯데백화점강남점,3.3,2,2.12,1
1992,생어거스틴 아브뉴프랑판교점,3.3,2,2.12,1
1992,청국장밥 삼청동점,3.3,2,2.12,1
1992,수육국밥 담미온 성수점,3.3,2,2.12,1
1992,호주식월남쌈정원,3.3,2,2.12,1
1992,백리향 황성본점,3.3,2,2.12,1
1992,라디오베이,3.3,2,2.12,1
1992,에머이 판교점,3.3,2,2.12,1
1992,만수의정원,3.3,2,2.12,1
1992,마초야,3.3,2,2.12,1
1992,경주국밥,3.3,2,2.12,1
1992,성수갈비,3.3,2,2.12,1
1992,이탈리 판교점,3.3,2,2.12,1
1992,비앙또아,3.3,2,2.12,1
1992,만강 본점,3.3,2,2.12,1
1992,경주중앙야시장(청춘막창),3.3,2,2.12,1
1992,성수족발,3.3,2,2.12,1
1992,닥터로빈 시그니처 판교점,3.3,2,2.12,1
1992,크리스탈드래곤,3.3,2,2.12,1
1992,보배반점 경안점,3.3,2,2.12,1
1992,가장맛있는족발 광주경안점,3.3,2,2.12,1
1992,리치몬드,3.3,2,2.12,1
1992,아리노마마 대치점,3.3,2,2.12,1
1992,JS테이블,3.3,2,2.12,1
2066,포브라더스 종로점,3.2,2,2.08,1
2066,고쿠텐 서현점,3.2,2,2.08,1
2066,우미닭갈비 본점,3.2,2,2.08,1
2066,이비가짬뽕 대치본점,3.2,2,2.08,1
2066,심플리타이 합정점,3.2,2,2.08,1
2066,동경규동 선릉점,3.2,2,2.08,1
2066,이승재참치,3.2,2,2.08,1
2066,꽁꼬르드,3.2,2,2.08,1
2066,베이킹도우,3.2,2,2.08,1
2066,오감잔치,3.2,2,2.08,1
2066,천향 분당직영점,3.2,2,2.08,1
2066,순남시래기 삼청동점,3.2,2,2.08,1
2066,미각짬뽕24시,3.2,2,2.08,1
2066,왓에버타코,3.2,2,2.08,1
2066,리얼스페인 판교점,3.2,2,2.08,1
2066,대치동함흥면옥,3.2,2,2.08,1
2066,북촌도담,3.2,2,2.08,1
2066,생어거스틴 서울파이낸스점,3.2,2,2.08,1
2066,빈티지1988,3.2,2,2.08,1
2066,동청담 삼평직영점,3.2,2,2.08,1
2066,만강홍,3.2,2,2.08,1
2066,국가대표짬뽕 전주혁신점,3.2,2,2.08,1
2066,탕화쿵푸마라탕 연남점,3.2,2,2.08,1
2066,스시향,3.2,2,2.08,1
2066,만수식당 본점,3.2,2,2.08,1
2066,백소정 전북대점,3.2,2,2.08,1
2066,타이인플레이트 건대점,3.2,2,2.08,1
2066,타논55 롯데백화점 평촌점,3.2,2,2.08,1
2066,어글리스토브 판교라스트리트점,3.2,2,2.08,1
2066,공화춘 현대백화점판교점,3.2,2,2.08,1
2066,차이나플레인 서울숲점,3.2,2,2.08,1
2066,멍텅구리,3.2,2,2.08,1
2066,우리밀동우 혁신점,3.2,2,2.08,1
2066,못난이아구나라 평촌본점,3.2,2,2.08,1
2066,플롭 안국점,3.2,2,2.08,1
2066,신춘반점,3.2,2,2.08,1
2066,진가,3.2,2,2.08,1
2066,연경 수내점,3.2,2,2.08,1
2066,쌉 연남점,3.2,2,2.08,1
2066,뚝섬해물탕,3.2,2,2.08,1
2066,오남리짬뽕집 송정점,3.2,2,2.08,1
2066,심야식당쿤,3.2,2,2.08,1
2066,사시스세소,3.2,2,2.08,1
2066,화차이,3.2,2,2.08,1
2066,에버그린,3.2,2,2.08,1
2066,987피자,3.2,2,2.08,1
2066,요리왕,3.2,2,2.08,1
2066,구이사꼬막 경기광주본점,3.2,2,2.08,1
2066,히타토제면소,3.2,2,2.08,1
2066,남산희래등,3.2,2,2.08,1
2066,서현궁 본점,3.2,2,2.08,1
2066,평가옥 분당점,3.2,2,2.08,1
2066,영화루,3.2,2,2.08,1
2066,미분당 정자점,3.2,2,2.08,1
2066,겐로쿠우동 평촌점,3.2,2,2.08,1
2066,헤비스테이크 성수점,3.2,2,2.08,1
2066,모리향,3.2,2,2.08,1
2066,고피자 평촌학원가점,3.2,2,2.08,1
2066,미카야,3.2,2,2.08,1
2066,문화횟집,3.2,2,2.08,1
2066,미래향,3.2,2,2.08,1
2066,우루루 평촌점,3.2,2,2.08,1
2066,샤우칭,3.2,2,2.08,1
2127,코이라멘 정자본점,3.1,2,2.04,1
2127,강남수랏간,3.1,2,2.04,1
2127,효자동초밥,3.1,2,2.04,1
2127,비비돈가스,3.1,2,2.04,1
2127,삼청동수제비,3.1,2,2.04,1
2127,차슈멘연구소,3.1,2,2.04,1
2127,일일향,3.1,2,2.04,1
2127,수라예찬 야탑점,3.1,2,2.04,1
2127,미스터피자 경주중앙점,3.1,2,2.04,1
2127,광양불고기본가,3.1,2,2.04,1
2127,지미스타코,3.1,2,2.04,1
2127,온센 안국점,3.1,2,2.04,1
2127,공리,3.1,2,2.04,1
2127,스미토라,3.1,2,2.04,1
2127,램브로 양꼬치,3.1,2,2.04,1
2127,뿅의전설 본점,3.1,2,2.04,1
2127,천지연 판교점,3.1,2,2.04,1
2127,에머이 대학로점,3.1,2,2.04,1
2127,하늘선한정식,3.1,2,2.04,1
2127,진보,3.1,2,2.04,1
2127,꾸아 성수동 본점,3.1,2,2.04,1
2127,정희 판교아브뉴프랑점,3.1,2,2.04,1
2127,향미,3.1,2,2.04,1
2127,서대문양꼬치 본점,3.1,2,2.04,1
2127,수타우동만조쿠,3.1,2,2.04,1
2127,연피랑,3.1,2,2.04,1
2127,은행골초밥&참치 대치동점,3.1,2,2.04,1
2127,왕스덕,3.1,2,2.04,1
2127,칸지고고 평촌점,3.1,2,2.04,1
2127,봉가진면옥,3.1,2,2.04,1
2127,미분당 대학로점,3.1,2,2.04,1
2127,그대만의작은공간 비산점,3.1,2,2.04,1
2127,유타로 서현본점,3.1,2,2.04,1
2127,원조 석이네 조개박사,3.1,2,2.04,1
2127,피자스쿨 안양평촌도서관점,3.1,2,2.04,1
2127,긴자 분당서현점,3.1,2,2.04,1
2127,올리앤 경주점,3.1,2,2.04,1
2127,좀녀해녀촌,3.1,2,2.04,1
2127,남원,3.1,2,2.04,1
2127,운봉,3.1,2,2.04,1
2127,파파존스 전주점,3.1,2,2.04,1
2127,스파게티스토리 대치점,3.1,2,2.04,1
2127,신사소곱창 성수점,3.1,2,2.04,1
2127,사려니국수,3.1,2,2.04,1
2127,어밤부,3.1,2,2.04,1
2127,피양콩할마니,3.1,2,2.04,1
2127,리틀파파포 경희궁점,3.1,2,2.04,1
2127,르브런쉭 대치점,3.1,2,2.04,1
2127,성수초밥 성수점,3.1,2,2.04,1
2127,상무초밥 전주송천점,3.1,2,2.04,1
2127,동래복국,3.1,2,2.04,1
2127,베트남이랑,3.1,2,2.04,1
2127,와이엠스 스테이크하우스,3.1,2,2.04,1
2127,하노이의아침 연희점,3.1,2,2.04,1
2127,엄가네시골집얼큰한뼈해장국,3.1,2,2.04,1
2127,취홍,3.1,2,2.04,1
2127,귀신반점 전북대점,3.1,2,2.04,1
2127,포앤타이 우림W시티점,3.1,2,2.04,1
2127,두가헌,3.1,2,2.04,1
2157,만리장성,3.7,2,1.8800000000000003,0
2186,고기다,3.0,1,1.8,1
2186,밀본,3.0,1,1.8,1
2186,라피자노스트라 와인,3.0,1,1.8,1
2186,유향소,3.0,1,1.8,1
2186,도성,3.0,1,1.8,1
2186,차이797 광화문점,3.0,1,1.8,1
2186,아선재,3.0,1,1.8,1
2186,홍콩반점0410 성수역점,3.0,1,1.8,1
2186,복만루 건대점,3.0,1,1.8,1
2186,왕재,3.0,1,1.8,1
2186,버거307 제주함덕점,3.0,1,1.8,1
2186,남경반점,3.0,1,1.8,1
2186,성균원,3.0,1,1.8,1
2186,브이엔디 성수본점,3.0,1,1.8,1
2186,디미,3.0,1,1.8,1
2186,남산옥,3.0,1,1.8,1
2186,북촌진곰탕,3.0,1,1.8,1
2186,단풍나무집 삼청점,3.0,1,1.8,1
2186,눈나무집,3.0,1,1.8,1
2186,벤탄빌라 건대스타시티점,3.0,1,1.8,1
2186,씬짜오,3.0,1,1.8,1
2186,백리향,3.0,1,1.8,1
2186,수림식당 연산점,3.0,1,1.8,1
2186,도미노피자 전주혁신점,3.0,1,1.8,1
2186,향연양꼬치,3.0,1,1.8,1
2186,에머이 부산롯데서면점,3.0,1,1.8,1
2186,하나돈까스 이마트연제점,3.0,1,1.8,1
2186,수마야레스토랑,3.0,1,1.8,1
2186,라운수산,3.0,1,1.8,1
2186,차이나게이트 2호점,3.0,1,1.8,1
2186,왕짜장,3.0,1,1.8,1
2186,최가칡면옥,3.0,1,1.8,1
2186,명가참숯갈비,3.0,1,1.8,1
2186,포메인 수내점,3.0,1,1.8,1
2186,순두부짬뽕 동궁 황리단길점,3.0,1,1.8,1
2186,신사골감자탕 경안점,3.0,1,1.8,1
2186,신성반점,3.0,1,1.8,1
2186,참치마찌 경주동천점,3.0,1,1.8,1
2186,리골레토시카고피자 서현점,3.0,1,1.8,1
2186,뉴욕버거 동국대WISE점,3.0,1,1.8,1
2186,짱가네 야탑본점,3.0,1,1.8,1
2186,교동짬뽕 미금점,3.0,1,1.8,1
2186,도스마스 한림대점,3.0,1,1.8,1
2186,도미노피자 춘천후평점,3.0,1,1.8,1
2186,청담추어정 분당점,3.0,1,1.8,1
2186,라화방,3.0,1,1.8,1
2186,봉운장,3.0,1,1.8,1
2186,룽타우객잔 후평점,3.0,1,1.8,1
2186,능라도 본점,3.0,1,1.8,1
2186,특미원,3.0,1,1.8,1
2186,착한낙지 안양점,3.0,1,1.8,1
2186,벽계가든,3.0,1,1.8,1
2186,륭도객잔,3.0,1,1.8,1
2186,다다텐동,3.0,1,1.8,1
2186,소림마라 함덕점,3.0,1,1.8,1
2186,면식당 전북대점,3.0,1,1.8,1
2186,랫댓 연남점,3.0,1,1.8,1
2215,어시장,3.1,2,1.6400000000000001,0
2215,문짬뽕,3.1,2,1.6400000000000001,0
2234,반포식스 성수점,2.9,0,1.56,1
2234,미니히노코,2.9,0,1.56,1
2234,우리곱창,2.9,0,1.56,1
2234,스시미우,2.9,0,1.56,1
2234,권선생,2.9,0,1.56,1
2234,역전우동0410 범계역점,2.9,0,1.56,1
2234,황제궁엔노포중화포차,2.9,0,1.56,1
2234,리틀하노이 전주평화점,2.9,0,1.56,1
2234,소바식당 성수점,2.9,0,1.56,1
2234,미정이네식당 2호점,2.9,0,1.56,1
2234,하남돼지집 선릉1호점,2.9,0,1.56,1
2234,마라공방,2.9,0,1.56,1
2234,희래성,2.9,0,1.56,1
2234,대독장 삼성역점,2.9,0,1.56,1
2234,차알 판교점,2.9,0,1.56,1
2234,하노이포,2.9,0,1.56,1
2234,명동1번지닭갈비,2.9,0,1.56,1
2234,위풍당당족발,2.9,0,1.56,1
2234,회뜨는총각,2.9,0,1.56,1
2234,한옥반점,2.9,0,1.56,1
2234,알로이막막,2.9,0,1.56,1
2234,진미,2.9,0,1.56,1
2234,도원뚝배기짬뽕,2.9,0,1.56,1
2234,홍박사생고기 본점,2.9,0,1.56,1
2234,라화쿵부 춘천점,2.9,0,1.56,1
2234,리골레토 시카고피자,2.9,0,1.56,1
2234,티엔미미 홍대점,2.9,0,1.56,1
2234,해룡마라룽샤,2.9,0,1.56,1
2234,송도갈비 천지연 인덕원점,2.9,0,1.56,1
2234,삿뽀로 관훈점,2.9,0,1.56,1
2234,돈까스클럽 전주호성점,2.9,0,1.56,1
2234,창고43 삼성점,2.9,0,1.56,1
2234,더베이커스테이블 삼청동점,2.9,0,1.56,1
2234,짬뽕타운 동안점,2.9,0,1.56,1
2234,미스사이공 세종대점,2.9,0,1.56,1
2234,밍고네식탁,2.9,0,1.56,1
2269,파파존스 비산점,2.8,0,1.52,1
2269,비소원,2.8,0,1.52,1
2269,진안흑돼지연탄생구이,2.8,0,1.52,1
2269,행하령수제비,2.8,0,1.52,1
2269,제주촌,2.8,0,1.52,1
2269,연경 연희점,2.8,0,1.52,1
2269,정원,2.8,0,1.52,1
2269,회전초밥전문점 미카도스시,2.8,0,1.52,1
2269,홍익돈까스 안양점,2.8,0,1.52,1
2269,스시원 춘천온의점,2.8,0,1.52,1
2269,숲길정육점,2.8,0,1.52,1
2269,수플레,2.8,0,1.52,1
2269,반포식스 광화문점,2.8,0,1.52,1
2269,루스트플레이스 베라체점,2.8,0,1.52,1
2269,서울24시감자탕 서현3호점,2.8,0,1.52,1
2269,두마레한정식,2.8,0,1.52,1
2269,우동카덴,2.8,0,1.52,1
2269,분짜마마,2.8,0,1.52,1
2269,롤링파스타 전북대점,2.8,0,1.52,1
2269,금수복국 대치점,2.8,0,1.52,1
2269,시세이돈까스,2.8,0,1.52,1
2269,도미노피자 제주화북점,2.8,0,1.52,1
2269,군자대한곱창 선릉점,2.8,0,1.52,1
2269,덕성원 아라점,2.8,0,1.52,1
2269,우열반점,2.8,0,1.52,1
2269,희래등,2.8,0,1.52,1
2269,바다꽃게탕 아중점,2.8,0,1.52,1
2269,24시오리농원감자탕 본점,2.8,0,1.52,1
2269,살라댕템플,2.8,0,1.52,1
2269,미술관옆돈까스,2.8,0,1.52,1
2269,보배반점 평촌점,2.8,0,1.52,1
2269,히라이,2.8,0,1.52,1
2269,게이트나인 판교점,2.8,0,1.52,1
2269,이화원,2.8,0,1.52,1
2303,황금손가락 이도점,2.7,0,1.48,1
2303,홍콩반점0410 분당서현점,2.7,0,1.48,1
2303,강남면옥 대치점,2.7,0,1.48,1
2303,살라댕 방콕,2.7,0,1.48,1
2303,찐하오마라탕 경주점,2.7,0,1.48,1
2303,돈카돈까 (1호점),2.7,0,1.48,1
2303,소확행차이나,2.7,0,1.48,1
2303,아중각,2.7,0,1.48,1
2303,신안동장,2.7,0,1.48,1
2303,감미옥 본점,2.7,0,1.48,1
2303,서울남산희래등 평촌점,2.7,0,1.48,1
2303,버드나무집,2.7,0,1.48,1
2303,율차이나,2.7,0,1.48,1
2303,소청,2.7,0,1.48,1
2303,개성삼계탕닭한마리 호성본점,2.7,0,1.48,1
2303,착한낙지 덕진구직영점,2.7,0,1.48,1
2303,촌놈집 관양점,2.7,0,1.48,1
2303,미도,2.7,0,1.48,1
2303,줄리스,2.7,0,1.48,1
2303,고베하우스,2.7,0,1.48,1
2303,스시야상,2.7,0,1.48,1
2303,띤띤 파이낸스광화문점,2.7,0,1.48,1
2303,포몬스 대치점,2.7,0,1.48,1
2303,스시앤스시 본점,2.7,0,1.48,1
2303,마라공방 홍대입구역직영점,2.7,0,1.48,1
2303,전북한우협동조합 총체보리한우정육식당 전주점,2.7,0,1.48,1
2303,벤탄빌라 안양본점,2.7,0,1.48,1
2303,명가원설농탕 대치점,2.7,0,1.48,1
2303,진아하우스,2.7,0,1.48,1
2303,소선재푸드랩,2.7,0,1.48,1
2303,산수화,2.7,0,1.48,1
2303,롤링파스타 대치점,2.7,0,1.48,1
2303,낙타,2.7,0,1.48,1
2329,감성타코 판교점,2.6,0,1.44,1
2329,오블릭,2.6,0,1.44,1
2329,콘타이 종로점,2.6,0,1.44,1
2329,정통중화요리백두산,2.6,0,1.44,1
2329,호남문,2.6,0,1.44,1
2329,베이징스토리,2.6,0,1.44,1
2329,미스터피자 야탑점,2.6,0,1.44,1
2329,하노이의아침 인사점,2.6,0,1.44,1
2329,반포식스 대학로점,2.6,0,1.44,1
2329,카츠젠 선릉점,2.6,0,1.44,1
2329,포맨스,2.6,0,1.44,1
2329,미카도스시 전주송천에코시티점,2.6,0,1.44,1
2329,대치동집,2.6,0,1.44,1
2329,만리장성,2.6,0,1.44,1
2329,대림국수 성수점,2.6,0,1.44,1
2329,조금,2.6,0,1.44,1
2329,벨로빈,2.6,0,1.44,1
2329,신신원,2.6,0,1.44,1
2329,자작나무집,2.6,0,1.44,1
2329,경양식1988,2.6,0,1.44,1
2348,춘리마라탕 경안점,3.0,1,1.4000000000000001,0
2348,롤링파스타 춘천명동점,3.0,1,1.4000000000000001,0
2348,하노이별 퇴계점,3.0,1,1.4000000000000001,0
2348,국민돼지국밥 경주동국대점,3.0,1,1.4000000000000001,0
2348,새미골추어탕,3.0,1,1.4000000000000001,0
2348,낙원갈비집 춘천시청점,3.0,1,1.4000000000000001,0
2348,행복한빅마마삼겹 양정점,3.0,1,1.4000000000000001,0
2348,태화춘,3.0,1,1.4000000000000001,0
2348,완도참전복집,3.0,1,1.4000000000000001,0
2348,신동양,3.0,1,1.4000000000000001,0
2348,호남성,3.0,1,1.4000000000000001,0
2348,태평양수산본점,3.0,1,1.4000000000000001,0
2348,백년족발보쌈 요선점,3.0,1,1.4000000000000001,0
2348,난타5000피자 제주화북점,3.0,1,1.4000000000000001,0
2348,노모어피자 서면점,3.0,1,1.4000000000000001,0
2348,공리 삼성점,3.0,1,1.4000000000000001,0
2348,신마라명가 마라탕&마라샹궈 강남점,3.0,1,1.4000000000000001,0
2348,중식당홍,3.0,1,1.4000000000000001,0
2368,산마을민속촌,2.5,0,1.4,1
2368,황금어장,2.5,0,1.4,1
2368,일마레 관양점,2.5,0,1.4,1
2368,포메인레드 가재울뉴타운점,2.5,0,1.4,1
2368,홍콩반점0410 안양비산점,2.5,0,1.4,1
2368,포메인 미금역점,2.5,0,1.4,1
2368,미분당 대치점,2.5,0,1.4,1
2368,갈리나데이지,2.5,0,1.4,1
2368,하이보,2.5,0,1.4,1
2368,일일향 서현점,2.5,0,1.4,1
2368,호호반점 성수낙낙점,2.5,0,1.4,1
2368,자금성,2.5,0,1.4,1
2368,명동숯불닭갈비,2.5,0,1.4,1
2368,홍콩반점0410 범계역점,2.5,0,1.4,1
2368,미래향,2.5,0,1.4,1
2368,스시연,2.5,0,1.4,1
2368,포메인레드 전주송천점,2.5,0,1.4,1
2368,희래등 호계본점,2.5,0,1.4,1
2368,메이회전초밥,2.5,0,1.4,1
2368,곰보냉면,2.5,0,1.4,1
2368,상하이,2.5,0,1.4,1
2388,헤이준쌀국수 판교알파돔점,2.4,0,1.3599999999999999,1
2388,포베이 동판교밸리점,2.4,0,1.3599999999999999,1
2388,일품향,2.4,0,1.3599999999999999,1
2388,메콩타이 분당미금점,2.4,0,1.3599999999999999,1
2388,이어도참치,2.4,0,1.3599999999999999,1
2388,삿뽀로 평촌점,2.4,0,1.3599999999999999,1
2388,포메인 정자본점,2.4,0,1.3599999999999999,1
2388,분짜라붐 판교현대점,2.4,0,1.3599999999999999,1
2388,프랭크버거 마포연남점,2.4,0,1.3599999999999999,1
2388,리한,2.4,0,1.3599999999999999,1
2388,닐리 인덕원점,2.4,0,1.3599999999999999,1
2388,콘타이,2.4,0,1.3599999999999999,1
2388,역전우동0410 전북대점,2.4,0,1.3599999999999999,1
2388,황짬뽕,2.4,0,1.3599999999999999,1
2388,파파존스피자 평촌점,2.4,0,1.3599999999999999,1
2388,이북집찹쌀순대 성수점,2.4,0,1.3599999999999999,1
2388,스시하나바,2.4,0,1.3599999999999999,1
2388,장홍규정통중화요리 수내직영점,2.4,0,1.3599999999999999,1
2388,정통원조한방삼계탕,2.4,0,1.3599999999999999,1
2403,라우라우,2.3,0,1.3199999999999998,1
2403,불날개,2.3,0,1.3199999999999998,1
2403,고래면옥 에코시티점,2.3,0,1.3199999999999998,1
2403,취홍,2.3,0,1.3199999999999998,1
2403,홍익돈까스 경기광주점,2.3,0,1.3199999999999998,1
2403,오복당,2.3,0,1.3199999999999998,1
2403,연화산,2.3,0,1.3199999999999998,1
2403,동선참치 탄벌점,2.3,0,1.3199999999999998,1
2403,하이보 삼성점,2.3,0,1.3199999999999998,1
2403,홍콩반점0410 평촌역점,2.3,0,1.3199999999999998,1
2403,선릉을지순대국,2.3,0,1.3199999999999998,1
2403,카린지린가네스낵바 선릉점,2.3,0,1.3199999999999998,1
2414,마나님레시피,2.2,0,1.2800000000000002,1
2414,청춘수산,2.2,0,1.2800000000000002,1
2414,홍콩반점0410 분당야탑점,2.2,0,1.2800000000000002,1
2414,땀땀 갤러리아백화점웨스트점,2.2,0,1.2800000000000002,1
2414,비양도 본점,2.2,0,1.2800000000000002,1
2414,라화쿵부 전북대점,2.2,0,1.2800000000000002,1
2414,포하임 서현점,2.2,0,1.2800000000000002,1
2414,청룡반점,2.2,0,1.2800000000000002,1
2414,두루미밥상 전주점,2.2,0,1.2800000000000002,1
2420,길동우동 성수점,2.1,0,1.2400000000000002,1
2420,이비가짬뽕 전주아중점,2.1,0,1.2400000000000002,1
2420,포몬스 홍대점,2.1,0,1.2400000000000002,1
2423,기버스테이션,2.0,0,1.2000000000000002,1
2423,메콩타이 서현점,2.0,0,1.2000000000000002,1
2423,대패당 연남점,2.0,0,1.2000000000000002,1
2423,을지로손칼국수,2.0,0,1.2000000000000002,1
2426,이비가짬뽕 전주혁신점,1.9,0,1.1600000000000001,1
2427,해초록 안방,2.9,0,1.16,0
2427,김뚜껑부대찌개,2.9,0,1.16,0
2430,한강반점,1.8,0,1.12,1
2430,가향,1.8,0,1.12,1
2430,화로구이,1.8,0,1.12,1
2434,영양센터 대치동점,2.8,0,1.1199999999999999,0
2434,오팔왕돈까스 한림대점,2.8,0,1.1199999999999999,0
2434,함덕대박횟집,2.8,0,1.1199999999999999,0
2434,탕화쿵푸마라탕 연산점,2.8,0,1.1199999999999999,0
2434,생고기제작소,2.8,0,1.1199999999999999,0
2437,오레노야끼 종로점,2.7,0,1.08,0
2437,향리원마라탕,2.7,0,1.08,0
2440,경성반점 혁신점,1.6,0,1.04,1
2440,포베이 연세암병원점,2.6,0,1.04,0
2440,해조,2.6,0,1.04,0
2445,반포6앤남산왕돈까스 전주송천점,2.5,0,1.0,0
2445,소문,2.5,0,1.0,0
2445,육갑식당,2.5,0,1.0,0
2445,엑성프로방스 2호점,2.5,0,1.0,0
2445,미카도스시 탄벌점,2.5,0,1.0,0
2445,바나나테이블 판교점,2.5,0,1.0,0
2445,생어거스틴 도곡점,2.5,0,1.0,0
2450,두레에프엔씨,2.4,0,0.96,0
2450,마라공방,2.4,0,0.96,0
2450,원조시골집할머니네 생선구이백반,2.4,0,0.96,0
2450,쑝쑝돈까스 제주월평점,2.4,0,0.96,0
2455,모래내즉석우동짜장,2.3,0,0.9199999999999999,0
2455,스시나미,2.3,0,0.9199999999999999,0
2455,이소룡마라탕 대치본점,2.3,0,0.9199999999999999,0
2455,반포식스 종로5가점,2.3,0,0.9199999999999999,0
2455,무모한초밥 강대후문점,2.3,0,0.9199999999999999,0
2455,도미노피자 범계점,2.3,0,0.9199999999999999,0
2463,루스트플레이스 삼화점,2.2,0,0.8800000000000001,0
2463,미스터피자 인덕원점,2.2,0,0.8800000000000001,0
2463,원조마포소금구이 대치점,2.2,0,0.8800000000000001,0
2463,그릴타이 건대커먼그라운드점,2.2,0,0.8800000000000001,0
2463,짬뽕지존 경기광주점,2.2,0,0.8800000000000001,0
2463,돈&까,2.2,0,0.8800000000000001,0
2463,만다린,2.2,0,0.8800000000000001,0
2463,뜰에서화로구이 인덕원점,2.2,0,0.8800000000000001,0
2463,도미노피자 전주금암점,2.2,0,0.8800000000000001,0
2469,샤브향 전주송천점,2.1,0,0.8400000000000001,0
2469,한성축산정육점직영식당,2.1,0,0.8400000000000001,0
2469,써니네집 혁신점,2.1,0,0.8400000000000001,0
2473,중국성,2.0,0,0.8,0
2473,춘천본가 참숯불닭갈비,2.0,0,0.8,0
2473,소코아 혜화성대점,2.0,0,0.8,0
2473,쭈꾸미아저씨,2.0,0,0.8,0
2473,천미향,2.0,0,0.8,0
2473,도미노피자 평촌점,2.0,0,0.8,0
2479,유진참치,1.8,0,0.7200000000000001,0
2479,청담동장독대 김치찌개,1.8,0,0.7200000000000001,0
2479,더포,1.8,0,0.7200000000000001,0
2479,사보텐 대치점,1.8,0,0.7200000000000001,0
2479,맘스터치 부산시청점,1.8,0,0.7200000000000001,0
2483,내슈빌스테이크하우스,1.7,0,0.68,0
2483,연남곱창타운,1.7,0,0.68,0
2483,소담송하,1.7,0,0.68,0
2483,홍콩반점0410 부산양정역점,1.7,0,0.68,0
2487,백사,1.6,0,0.6400000000000001,0
2487,광주정육점식당,1.6,0,0.6400000000000001,0
2487,벽오동,1.6,0,0.6400000000000001,0
2489,삼청순대국추어탕,1.5,0,0.6000000000000001,0
2491,사이공본가 미금점,1.4,0,0.5599999999999999,0
2491,송옥 대치점,1.4,0,0.5599999999999999,0
2491,도미노피자 대치점,1.4,0,0.5599999999999999,0
2491,에머이 건대스타시티점,1.4,0,0.5599999999999999,0
2494,원조갈비탕,1.3,0,0.52,0
2499,베트남쌀국수포보스,1.0,0,0.4,0
2499,88파스타&펍,1.0,0,0.4,0
2499,금문도,1.0,0,0.4,0
2499,영진돼지국밥,1.0,0,0.4,0
2499,포아이니 가재울점,1.0,0,0.4,0
2499,백소정전주에코시티점,1.0,0,0.4,0
2499,포엠쓰리 대치동본점,1.0,0,0.4,0
2499,중앙회센타,1.0,0,0.4,0
2499,나라앤미네,1.0,0,0.4,0
2499,천미향,1.0,0,0.4,0
